core,time,saturation_count,count,abs_sum,squared_error,reference_squared,max_abs_error,mae,relative_l2
blk0_spa/state,0,0,8192,0.0,0.0,0.03961702562494558,0.0,0.0,0.0
blk0_spa/c_readout,0,0,512,0.0,0.0,0.019524956894092203,0.0,0.0,0.0
blk0_spa/d_path,0,0,512,0.0,0.0,19.599686747829104,0.0,0.0,0.0
blk0_spa/readout,0,0,512,0.0,0.0,20.30128124513268,0.0,0.0,0.0
blk0_spa/state,1,0,8192,0.0,0.0,0.09743740089475561,0.0,0.0,0.0
blk0_spa/c_readout,1,0,512,0.0,0.0,0.050215021536517634,0.0,0.0,0.0
blk0_spa/d_path,1,0,512,0.0,0.0,20.64604419461655,0.0,0.0,0.0
blk0_spa/readout,1,0,512,0.0,0.0,21.816304306066026,0.0,0.0,0.0
blk0_spa/state,2,0,8192,0.0,0.0,0.14057941562894322,0.0,0.0,0.0
blk0_spa/c_readout,2,0,512,0.0,0.0,0.0638805418041703,0.0,0.0,0.0
blk0_spa/d_path,2,0,512,0.0,0.0,19.802729859819763,0.0,0.0,0.0
blk0_spa/readout,2,0,512,0.0,0.0,21.128268770193564,0.0,0.0,0.0
blk0_spa/state,3,0,8192,0.0,0.0,0.17632759215429217,0.0,0.0,0.0
blk0_spa/c_readout,3,0,512,0.0,0.0,0.07250325157022787,0.0,0.0,0.0
blk0_spa/d_path,3,0,512,0.0,0.0,20.64037259680481,0.0,0.0,0.0
blk0_spa/readout,3,0,512,0.0,0.0,22.000691634521143,0.0,0.0,0.0
blk0_spa/state,4,0,8192,0.0,0.0,0.2167880488532057,0.0,0.0,0.0
blk0_spa/c_readout,4,0,512,0.0,0.0,0.08606926529614219,0.0,0.0,0.0
blk0_spa/d_path,4,0,512,0.0,0.0,21.354254381556466,0.0,0.0,0.0
blk0_spa/readout,4,0,512,0.0,0.0,22.94095735994758,0.0,0.0,0.0
blk0_spa/state,5,0,8192,0.0,0.0,0.25713068814187234,0.0,0.0,0.0
blk0_spa/c_readout,5,0,512,0.0,0.0,0.09768221164951155,0.0,0.0,0.0
blk0_spa/d_path,5,0,512,0.0,0.0,19.42005197100493,0.0,0.0,0.0
blk0_spa/readout,5,0,512,0.0,0.0,21.171599474941,0.0,0.0,0.0
blk0_spa/state,6,0,8192,0.0,0.0,0.29049888793925616,0.0,0.0,0.0
blk0_spa/c_readout,6,0,512,0.0,0.0,0.12264890329446745,0.0,0.0,0.0
blk0_spa/d_path,6,0,512,0.0,0.0,19.925150315259224,0.0,0.0,0.0
blk0_spa/readout,6,0,512,0.0,0.0,21.9067134232979,0.0,0.0,0.0
blk0_spa/state,7,0,8192,0.0,0.0,0.3205391969286241,0.0,0.0,0.0
blk0_spa/c_readout,7,0,512,0.0,0.0,0.14386931266993047,0.0,0.0,0.0
blk0_spa/d_path,7,0,512,0.0,0.0,19.947836659745874,0.0,0.0,0.0
blk0_spa/readout,7,0,512,0.0,0.0,22.081899293440735,0.0,0.0,0.0
blk0_spa/state,8,0,8192,0.0,0.0,0.34992302031318034,0.0,0.0,0.0
blk0_spa/c_readout,8,0,512,0.0,0.0,0.17121157574811993,0.0,0.0,0.0
blk0_spa/d_path,8,0,512,0.0,0.0,21.99698339613629,0.0,0.0,0.0
blk0_spa/readout,8,0,512,0.0,0.0,24.342439691128767,0.0,0.0,0.0
blk0_spa/state,9,0,8192,0.0,0.0,0.38666085310244236,0.0,0.0,0.0
blk0_spa/c_readout,9,0,512,0.0,0.0,0.16741710747454566,0.0,0.0,0.0
blk0_spa/d_path,9,0,512,0.0,0.0,23.60929712934275,0.0,0.0,0.0
blk0_spa/readout,9,0,512,0.0,0.0,25.94375685190905,0.0,0.0,0.0
blk0_spa/state,10,0,8192,0.0,0.0,0.4135354361194033,0.0,0.0,0.0
blk0_spa/c_readout,10,0,512,0.0,0.0,0.17612328503061453,0.0,0.0,0.0
blk0_spa/d_path,10,0,512,0.0,0.0,21.897678985775233,0.0,0.0,0.0
blk0_spa/readout,10,0,512,0.0,0.0,24.330654980320595,0.0,0.0,0.0
blk0_spa/state,11,0,8192,0.0,0.0,0.43235072711194406,0.0,0.0,0.0
blk0_spa/c_readout,11,0,512,0.0,0.0,0.22179145808596415,0.0,0.0,0.0
blk0_spa/d_path,11,0,512,0.0,0.0,21.330571144239713,0.0,0.0,0.0
blk0_spa/readout,11,0,512,0.0,0.0,24.12205075066101,0.0,0.0,0.0
blk0_spa/state,12,0,8192,0.0,0.0,0.46169166418153496,0.0,0.0,0.0
blk0_spa/c_readout,12,0,512,0.0,0.0,0.2019982285455496,0.0,0.0,0.0
blk0_spa/d_path,12,0,512,0.0,0.0,21.074249489703263,0.0,0.0,0.0
blk0_spa/readout,12,0,512,0.0,0.0,23.821246568630325,0.0,0.0,0.0
blk0_spa/state,13,0,8192,0.0,0.0,0.5052286609940163,0.0,0.0,0.0
blk0_spa/c_readout,13,0,512,0.0,0.0,0.257567019063592,0.0,0.0,0.0
blk0_spa/d_path,13,0,512,0.0,0.0,21.957179155983106,0.0,0.0,0.0
blk0_spa/readout,13,0,512,0.0,0.0,25.210459286982694,0.0,0.0,0.0
blk0_spa/state,14,0,8192,0.0,0.0,0.5337816447269803,0.0,0.0,0.0
blk0_spa/c_readout,14,0,512,0.0,0.0,0.2633724635217058,0.0,0.0,0.0
blk0_spa/d_path,14,0,512,0.0,0.0,21.057973777820074,0.0,0.0,0.0
blk0_spa/readout,14,0,512,0.0,0.0,24.29495056984762,0.0,0.0,0.0
blk0_spa/state,15,0,8192,0.0,0.0,0.5774513041136159,0.0,0.0,0.0
blk0_spa/c_readout,15,0,512,0.0,0.0,0.3100034717881833,0.0,0.0,0.0
blk0_spa/d_path,15,0,512,0.0,0.0,21.632592159001018,0.0,0.0,0.0
blk0_spa/readout,15,0,512,0.0,0.0,25.23825537541358,0.0,0.0,0.0
blk0_spa/state,16,0,8192,0.0,0.0,0.5896789189910624,0.0,0.0,0.0
blk0_spa/c_readout,16,0,512,0.0,0.0,0.30898721555662767,0.0,0.0,0.0
blk0_spa/d_path,16,0,512,0.0,0.0,21.12639384031489,0.0,0.0,0.0
blk0_spa/readout,16,0,512,0.0,0.0,24.543625595217996,0.0,0.0,0.0
blk0_spa/state,17,0,8192,0.0,0.0,0.6494329356305535,0.0,0.0,0.0
blk0_spa/c_readout,17,0,512,0.0,0.0,0.31934089924328135,0.0,0.0,0.0
blk0_spa/d_path,17,0,512,0.0,0.0,24.108002193173498,0.0,0.0,0.0
blk0_spa/readout,17,0,512,0.0,0.0,27.888527969581673,0.0,0.0,0.0
blk0_spa/state,18,0,8192,0.0,0.0,0.6462629116726747,0.0,0.0,0.0
blk0_spa/c_readout,18,0,512,0.0,0.0,0.28608657733132437,0.0,0.0,0.0
blk0_spa/d_path,18,0,512,0.0,0.0,21.949926428991038,0.0,0.0,0.0
blk0_spa/readout,18,0,512,0.0,0.0,25.336518623074696,0.0,0.0,0.0
blk0_spa/state,19,0,8192,0.0,0.0,0.6406287020680456,0.0,0.0,0.0
blk0_spa/c_readout,19,0,512,0.0,0.0,0.2897533129092207,0.0,0.0,0.0
blk0_spa/d_path,19,0,512,0.0,0.0,21.24652848131379,0.0,0.0,0.0
blk0_spa/readout,19,0,512,0.0,0.0,24.572830453955294,0.0,0.0,0.0
blk0_spa/state,20,0,8192,0.0,0.0,0.6598641542295138,0.0,0.0,0.0
blk0_spa/c_readout,20,0,512,0.0,0.0,0.314650595926383,0.0,0.0,0.0
blk0_spa/d_path,20,0,512,0.0,0.0,21.14923487596934,0.0,0.0,0.0
blk0_spa/readout,20,0,512,0.0,0.0,24.82179780684672,0.0,0.0,0.0
blk0_spa/state,21,0,8192,0.0,0.0,0.6717361301048013,0.0,0.0,0.0
blk0_spa/c_readout,21,0,512,0.0,0.0,0.3398068147967055,0.0,0.0,0.0
blk0_spa/d_path,21,0,512,0.0,0.0,20.035883863837668,0.0,0.0,0.0
blk0_spa/readout,21,0,512,0.0,0.0,23.839916589726787,0.0,0.0,0.0
blk0_spa/state,22,0,8192,0.0,0.0,0.6916527978269743,0.0,0.0,0.0
blk0_spa/c_readout,22,0,512,0.0,0.0,0.3645232618390574,0.0,0.0,0.0
blk0_spa/d_path,22,0,512,0.0,0.0,20.40127198967712,0.0,0.0,0.0
blk0_spa/readout,22,0,512,0.0,0.0,24.396726531786783,0.0,0.0,0.0
blk0_spa/state,23,0,8192,0.0,0.0,0.70192721952785,0.0,0.0,0.0
blk0_spa/c_readout,23,0,512,0.0,0.0,0.3565539959171927,0.0,0.0,0.0
blk0_spa/d_path,23,0,512,0.0,0.0,20.313104474205698,0.0,0.0,0.0
blk0_spa/readout,23,0,512,0.0,0.0,24.14438140229158,0.0,0.0,0.0
blk0_spa/state,24,0,8192,0.0,0.0,0.7008816306371319,0.0,0.0,0.0
blk0_spa/c_readout,24,0,512,0.0,0.0,0.3462962144145171,0.0,0.0,0.0
blk0_spa/d_path,24,0,512,0.0,0.0,21.60681212731344,0.0,0.0,0.0
blk0_spa/readout,24,0,512,0.0,0.0,25.30796190485645,0.0,0.0,0.0
blk0_spa/state,25,0,8192,0.0,0.0,0.7218864381697945,0.0,0.0,0.0
blk0_spa/c_readout,25,0,512,0.0,0.0,0.35283129323602913,0.0,0.0,0.0
blk0_spa/d_path,25,0,512,0.0,0.0,22.683761818920356,0.0,0.0,0.0
blk0_spa/readout,25,0,512,0.0,0.0,26.546135229234814,0.0,0.0,0.0
blk0_spa/state,26,0,8192,0.0,0.0,0.7344383722570059,0.0,0.0,0.0
blk0_spa/c_readout,26,0,512,0.0,0.0,0.3566802235325559,0.0,0.0,0.0
blk0_spa/d_path,26,0,512,0.0,0.0,21.19342170430437,0.0,0.0,0.0
blk0_spa/readout,26,0,512,0.0,0.0,25.139973714326835,0.0,0.0,0.0
blk0_spa/state,27,0,8192,0.0,0.0,0.7574564737691847,0.0,0.0,0.0
blk0_spa/c_readout,27,0,512,0.0,0.0,0.38792873153341767,0.0,0.0,0.0
blk0_spa/d_path,27,0,512,0.0,0.0,21.663751502538176,0.0,0.0,0.0
blk0_spa/readout,27,0,512,0.0,0.0,25.975994704541385,0.0,0.0,0.0
blk0_spa/state,28,0,8192,0.0,0.0,0.776859236979174,0.0,0.0,0.0
blk0_spa/c_readout,28,0,512,0.0,0.0,0.4224474027887957,0.0,0.0,0.0
blk0_spa/d_path,28,0,512,0.0,0.0,21.06355941653428,0.0,0.0,0.0
blk0_spa/readout,28,0,512,0.0,0.0,25.513870254082004,0.0,0.0,0.0
blk0_spa/state,29,0,8192,0.0,0.0,0.7921153215860026,0.0,0.0,0.0
blk0_spa/c_readout,29,0,512,0.0,0.0,0.390228409275332,0.0,0.0,0.0
blk0_spa/d_path,29,0,512,0.0,0.0,22.31887209411092,0.0,0.0,0.0
blk0_spa/readout,29,0,512,0.0,0.0,26.60731617027589,0.0,0.0,0.0
blk0_spa/state,30,0,8192,0.0,0.0,0.8215079981552224,0.0,0.0,0.0
blk0_spa/c_readout,30,0,512,0.0,0.0,0.3958970914470803,0.0,0.0,0.0
blk0_spa/d_path,30,0,512,0.0,0.0,22.28570189192031,0.0,0.0,0.0
blk0_spa/readout,30,0,512,0.0,0.0,26.651952430327107,0.0,0.0,0.0
blk0_spa/state,31,0,8192,0.0,0.0,0.8336605462536116,0.0,0.0,0.0
blk0_spa/c_readout,31,0,512,0.0,0.0,0.40943793955804014,0.0,0.0,0.0
blk0_spa/d_path,31,0,512,0.0,0.0,21.760598310917437,0.0,0.0,0.0
blk0_spa/readout,31,0,512,0.0,0.0,26.19157703065443,0.0,0.0,0.0
blk0_spa/state,32,0,8192,0.0,0.0,0.8633634473980067,0.0,0.0,0.0
blk0_spa/c_readout,32,0,512,0.0,0.0,0.5169088408657114,0.0,0.0,0.0
blk0_spa/d_path,32,0,512,0.0,0.0,23.24811986190666,0.0,0.0,0.0
blk0_spa/readout,32,0,512,0.0,0.0,28.28170285101683,0.0,0.0,0.0
blk0_spa/state,33,0,8192,0.0,0.0,0.9428051495897155,0.0,0.0,0.0
blk0_spa/c_readout,33,0,512,0.0,0.0,0.4562716392887078,0.0,0.0,0.0
blk0_spa/d_path,33,0,512,0.0,0.0,26.748111844093046,0.0,0.0,0.0
blk0_spa/readout,33,0,512,0.0,0.0,31.808975558276927,0.0,0.0,0.0
blk0_spa/state,34,0,8192,0.0,0.0,0.9333580429566238,0.0,0.0,0.0
blk0_spa/c_readout,34,0,512,0.0,0.0,0.4153984301097289,0.0,0.0,0.0
blk0_spa/d_path,34,0,512,0.0,0.0,23.928453266797874,0.0,0.0,0.0
blk0_spa/readout,34,0,512,0.0,0.0,28.27639399913871,0.0,0.0,0.0
blk0_spa/state,35,0,8192,0.0,0.0,0.8983829591298855,0.0,0.0,0.0
blk0_spa/c_readout,35,0,512,0.0,0.0,0.40421030453854734,0.0,0.0,0.0
blk0_spa/d_path,35,0,512,0.0,0.0,20.63763992213509,0.0,0.0,0.0
blk0_spa/readout,35,0,512,0.0,0.0,24.87159917755611,0.0,0.0,0.0
blk0_spa/state,36,0,8192,0.0,0.0,0.9095562346197441,0.0,0.0,0.0
blk0_spa/c_readout,36,0,512,0.0,0.0,0.42411635235583944,0.0,0.0,0.0
blk0_spa/d_path,36,0,512,0.0,0.0,21.35083424315258,0.0,0.0,0.0
blk0_spa/readout,36,0,512,0.0,0.0,25.922540186897937,0.0,0.0,0.0
blk0_spa/state,37,0,8192,0.0,0.0,0.9088454303239979,0.0,0.0,0.0
blk0_spa/c_readout,37,0,512,0.0,0.0,0.4510541535198942,0.0,0.0,0.0
blk0_spa/d_path,37,0,512,0.0,0.0,20.65795456735004,0.0,0.0,0.0
blk0_spa/readout,37,0,512,0.0,0.0,25.370491893884896,0.0,0.0,0.0
blk0_spa/state,38,0,8192,0.0,0.0,0.9163555969016421,0.0,0.0,0.0
blk0_spa/c_readout,38,0,512,0.0,0.0,0.4905218970612177,0.0,0.0,0.0
blk0_spa/d_path,38,0,512,0.0,0.0,20.866256741699313,0.0,0.0,0.0
blk0_spa/readout,38,0,512,0.0,0.0,25.80338579192574,0.0,0.0,0.0
blk0_spa/state,39,0,8192,0.0,0.0,0.9284735219105221,0.0,0.0,0.0
blk0_spa/c_readout,39,0,512,0.0,0.0,0.47856950615935434,0.0,0.0,0.0
blk0_spa/d_path,39,0,512,0.0,0.0,22.710160546513944,0.0,0.0,0.0
blk0_spa/readout,39,0,512,0.0,0.0,27.583002247703174,0.0,0.0,0.0
blk0_spa/state,40,0,8192,0.0,0.0,0.9285947845365083,0.0,0.0,0.0
blk0_spa/c_readout,40,0,512,0.0,0.0,0.4661266152193914,0.0,0.0,0.0
blk0_spa/d_path,40,0,512,0.0,0.0,21.70850558500021,0.0,0.0,0.0
blk0_spa/readout,40,0,512,0.0,0.0,26.294943677016388,0.0,0.0,0.0
blk0_spa/state,41,0,8192,0.0,0.0,0.9256857917389144,0.0,0.0,0.0
blk0_spa/c_readout,41,0,512,0.0,0.0,0.41130909028019447,0.0,0.0,0.0
blk0_spa/d_path,41,0,512,0.0,0.0,20.907298419049546,0.0,0.0,0.0
blk0_spa/readout,41,0,512,0.0,0.0,25.274630212823922,0.0,0.0,0.0
blk0_spa/state,42,0,8192,0.0,0.0,0.9109825466394049,0.0,0.0,0.0
blk0_spa/c_readout,42,0,512,0.0,0.0,0.43026517794892405,0.0,0.0,0.0
blk0_spa/d_path,42,0,512,0.0,0.0,20.5796006027352,0.0,0.0,0.0
blk0_spa/readout,42,0,512,0.0,0.0,25.087941475097008,0.0,0.0,0.0
blk0_spa/state,43,0,8192,0.0,0.0,0.9186814767979582,0.0,0.0,0.0
blk0_spa/c_readout,43,0,512,0.0,0.0,0.5003662661481277,0.0,0.0,0.0
blk0_spa/d_path,43,0,512,0.0,0.0,20.554765912074416,0.0,0.0,0.0
blk0_spa/readout,43,0,512,0.0,0.0,25.60910867946944,0.0,0.0,0.0
blk0_spa/state,44,0,8192,0.0,0.0,0.9444393523527281,0.0,0.0,0.0
blk0_spa/c_readout,44,0,512,0.0,0.0,0.5207764082961697,0.0,0.0,0.0
blk0_spa/d_path,44,0,512,0.0,0.0,20.918847876898386,0.0,0.0,0.0
blk0_spa/readout,44,0,512,0.0,0.0,26.195835231956305,0.0,0.0,0.0
blk0_spa/state,45,0,8192,0.0,0.0,0.9660785361621275,0.0,0.0,0.0
blk0_spa/c_readout,45,0,512,0.0,0.0,0.5068008487728188,0.0,0.0,0.0
blk0_spa/d_path,45,0,512,0.0,0.0,21.544613667725237,0.0,0.0,0.0
blk0_spa/readout,45,0,512,0.0,0.0,26.782860662825154,0.0,0.0,0.0
blk0_spa/state,46,0,8192,0.0,0.0,0.9723868015051054,0.0,0.0,0.0
blk0_spa/c_readout,46,0,512,0.0,0.0,0.46250967529404774,0.0,0.0,0.0
blk0_spa/d_path,46,0,512,0.0,0.0,22.41393144919584,0.0,0.0,0.0
blk0_spa/readout,46,0,512,0.0,0.0,27.315216835837838,0.0,0.0,0.0
blk0_spa/state,47,0,8192,0.0,0.0,0.9601289671927149,0.0,0.0,0.0
blk0_spa/c_readout,47,0,512,0.0,0.0,0.4804921121411897,0.0,0.0,0.0
blk0_spa/d_path,47,0,512,0.0,0.0,21.165407469117582,0.0,0.0,0.0
blk0_spa/readout,47,0,512,0.0,0.0,26.068442612595113,0.0,0.0,0.0
blk0_spa/state,48,0,8192,0.0,0.0,0.9868164541888362,0.0,0.0,0.0
blk0_spa/c_readout,48,0,512,0.0,0.0,0.5824430192151268,0.0,0.0,0.0
blk0_spa/d_path,48,0,512,0.0,0.0,22.910350621569023,0.0,0.0,0.0
blk0_spa/readout,48,0,512,0.0,0.0,28.607700985711226,0.0,0.0,0.0
blk0_spa/state,49,0,8192,0.0,0.0,1.0352724681387058,0.0,0.0,0.0
blk0_spa/c_readout,49,0,512,0.0,0.0,0.5707521802788217,0.0,0.0,0.0
blk0_spa/d_path,49,0,512,0.0,0.0,24.434909414640995,0.0,0.0,0.0
blk0_spa/readout,49,0,512,0.0,0.0,30.200787399762643,0.0,0.0,0.0
blk0_spa/state,50,0,8192,0.0,0.0,1.0264168191856993,0.0,0.0,0.0
blk0_spa/c_readout,50,0,512,0.0,0.0,0.4657918972218314,0.0,0.0,0.0
blk0_spa/d_path,50,0,512,0.0,0.0,22.40530387175244,0.0,0.0,0.0
blk0_spa/readout,50,0,512,0.0,0.0,27.20574803542442,0.0,0.0,0.0
blk0_spa/state,51,0,8192,0.0,0.0,1.0302646052201552,0.0,0.0,0.0
blk0_spa/c_readout,51,0,512,0.0,0.0,0.5640007893300901,0.0,0.0,0.0
blk0_spa/d_path,51,0,512,0.0,0.0,21.244844190764102,0.0,0.0,0.0
blk0_spa/readout,51,0,512,0.0,0.0,26.72884964006844,0.0,0.0,0.0
blk0_spa/state,52,0,8192,0.0,0.0,1.0339812109837974,0.0,0.0,0.0
blk0_spa/c_readout,52,0,512,0.0,0.0,0.4513814179912398,0.0,0.0,0.0
blk0_spa/d_path,52,0,512,0.0,0.0,21.28023152758656,0.0,0.0,0.0
blk0_spa/readout,52,0,512,0.0,0.0,26.091703798056106,0.0,0.0,0.0
blk0_spa/state,53,0,8192,0.0,0.0,1.0190326843675048,0.0,0.0,0.0
blk0_spa/c_readout,53,0,512,0.0,0.0,0.5086589304906747,0.0,0.0,0.0
blk0_spa/d_path,53,0,512,0.0,0.0,22.231340502948097,0.0,0.0,0.0
blk0_spa/readout,53,0,512,0.0,0.0,27.338821051474824,0.0,0.0,0.0
blk0_spa/state,54,0,8192,0.0,0.0,1.0133577111374914,0.0,0.0,0.0
blk0_spa/c_readout,54,0,512,0.0,0.0,0.5122194769558144,0.0,0.0,0.0
blk0_spa/d_path,54,0,512,0.0,0.0,21.49367243641116,0.0,0.0,0.0
blk0_spa/readout,54,0,512,0.0,0.0,26.698142230974526,0.0,0.0,0.0
blk0_spa/state,55,0,8192,0.0,0.0,1.0341693042849536,0.0,0.0,0.0
blk0_spa/c_readout,55,0,512,0.0,0.0,0.5962520368597685,0.0,0.0,0.0
blk0_spa/d_path,55,0,512,0.0,0.0,21.86969913862844,0.0,0.0,0.0
blk0_spa/readout,55,0,512,0.0,0.0,27.603105480859384,0.0,0.0,0.0
blk0_spa/state,56,0,8192,0.0,0.0,1.037603929665527,0.0,0.0,0.0
blk0_spa/c_readout,56,0,512,0.0,0.0,0.5073870147144577,0.0,0.0,0.0
blk0_spa/d_path,56,0,512,0.0,0.0,21.838900670092134,0.0,0.0,0.0
blk0_spa/readout,56,0,512,0.0,0.0,26.958273875067125,0.0,0.0,0.0
blk0_spa/state,57,0,8192,0.0,0.0,1.037108862772187,0.0,0.0,0.0
blk0_spa/c_readout,57,0,512,0.0,0.0,0.5195462487507396,0.0,0.0,0.0
blk0_spa/d_path,57,0,512,0.0,0.0,22.039107878653837,0.0,0.0,0.0
blk0_spa/readout,57,0,512,0.0,0.0,27.23882160363661,0.0,0.0,0.0
blk0_spa/state,58,0,8192,0.0,0.0,1.0414391725388885,0.0,0.0,0.0
blk0_spa/c_readout,58,0,512,0.0,0.0,0.5356548010663088,0.0,0.0,0.0
blk0_spa/d_path,58,0,512,0.0,0.0,23.329498532722194,0.0,0.0,0.0
blk0_spa/readout,58,0,512,0.0,0.0,28.75682358762835,0.0,0.0,0.0
blk0_spa/state,59,0,8192,0.0,0.0,1.054821963455535,0.0,0.0,0.0
blk0_spa/c_readout,59,0,512,0.0,0.0,0.5431187232372435,0.0,0.0,0.0
blk0_spa/d_path,59,0,512,0.0,0.0,22.95917788099591,0.0,0.0,0.0
blk0_spa/readout,59,0,512,0.0,0.0,28.577142050065028,0.0,0.0,0.0
blk0_spa/state,60,0,8192,0.0,0.0,1.0436358003563702,0.0,0.0,0.0
blk0_spa/c_readout,60,0,512,0.0,0.0,0.5341670699276384,0.0,0.0,0.0
blk0_spa/d_path,60,0,512,0.0,0.0,20.96516584088391,0.0,0.0,0.0
blk0_spa/readout,60,0,512,0.0,0.0,26.34915297408569,0.0,0.0,0.0
blk0_spa/state,61,0,8192,0.0,0.0,1.0368340594423042,0.0,0.0,0.0
blk0_spa/c_readout,61,0,512,0.0,0.0,0.5389964747561478,0.0,0.0,0.0
blk0_spa/d_path,61,0,512,0.0,0.0,20.907057764658294,0.0,0.0,0.0
blk0_spa/readout,61,0,512,0.0,0.0,26.31144565960011,0.0,0.0,0.0
blk0_spa/state,62,0,8192,0.0,0.0,1.0438848016034454,0.0,0.0,0.0
blk0_spa/c_readout,62,0,512,0.0,0.0,0.542720432405762,0.0,0.0,0.0
blk0_spa/d_path,62,0,512,0.0,0.0,21.14261799076765,0.0,0.0,0.0
blk0_spa/readout,62,0,512,0.0,0.0,26.72242562505398,0.0,0.0,0.0
blk0_spa/state,63,0,8192,0.0,0.0,1.0385672981027934,0.0,0.0,0.0
blk0_spa/c_readout,63,0,512,0.0,0.0,0.5287463880938934,0.0,0.0,0.0
blk0_spa/d_path,63,0,512,0.0,0.0,21.729301321699676,0.0,0.0,0.0
blk0_spa/readout,63,0,512,0.0,0.0,27.18074969377361,0.0,0.0,0.0
blk0_spa/state,64,0,8192,0.0,0.0,1.0610069784110032,0.0,0.0,0.0
blk0_spa/c_readout,64,0,512,0.0,0.0,0.6129604021030326,0.0,0.0,0.0
blk0_spa/d_path,64,0,512,0.0,0.0,22.7666702472777,0.0,0.0,0.0
blk0_spa/readout,64,0,512,0.0,0.0,28.7631336465476,0.0,0.0,0.0
blk0_spa/state,65,0,8192,0.0,0.0,1.091396253425397,0.0,0.0,0.0
blk0_spa/c_readout,65,0,512,0.0,0.0,0.6237093171166253,0.0,0.0,0.0
blk0_spa/d_path,65,0,512,0.0,0.0,23.04787822679646,0.0,0.0,0.0
blk0_spa/readout,65,0,512,0.0,0.0,29.141818666403264,0.0,0.0,0.0
blk0_spa/state,66,0,8192,0.0,0.0,1.1095839199242576,0.0,0.0,0.0
blk0_spa/c_readout,66,0,512,0.0,0.0,0.5942534608777268,0.0,0.0,0.0
blk0_spa/d_path,66,0,512,0.0,0.0,22.78428665674916,0.0,0.0,0.0
blk0_spa/readout,66,0,512,0.0,0.0,28.520069021590906,0.0,0.0,0.0
blk0_spa/state,67,0,8192,0.0,0.0,1.1492115455761982,0.0,0.0,0.0
blk0_spa/c_readout,67,0,512,0.0,0.0,0.6457097438825559,0.0,0.0,0.0
blk0_spa/d_path,67,0,512,0.0,0.0,25.10458707939107,0.0,0.0,0.0
blk0_spa/readout,67,0,512,0.0,0.0,31.401450001794927,0.0,0.0,0.0
blk0_spa/state,68,0,8192,0.0,0.0,1.1285806000578629,0.0,0.0,0.0
blk0_spa/c_readout,68,0,512,0.0,0.0,0.4977371610012082,0.0,0.0,0.0
blk0_spa/d_path,68,0,512,0.0,0.0,22.40482259460192,0.0,0.0,0.0
blk0_spa/readout,68,0,512,0.0,0.0,27.529941568206617,0.0,0.0,0.0
blk0_spa/state,69,0,8192,0.0,0.0,1.1113318872446394,0.0,0.0,0.0
blk0_spa/c_readout,69,0,512,0.0,0.0,0.5410485701984854,0.0,0.0,0.0
blk0_spa/d_path,69,0,512,0.0,0.0,22.048474581658997,0.0,0.0,0.0
blk0_spa/readout,69,0,512,0.0,0.0,27.544889445687925,0.0,0.0,0.0
blk0_spa/state,70,0,8192,0.0,0.0,1.11183217609575,0.0,0.0,0.0
blk0_spa/c_readout,70,0,512,0.0,0.0,0.5498007694331726,0.0,0.0,0.0
blk0_spa/d_path,70,0,512,0.0,0.0,21.375617372382937,0.0,0.0,0.0
blk0_spa/readout,70,0,512,0.0,0.0,27.06338417986995,0.0,0.0,0.0
blk0_spa/state,71,0,8192,0.0,0.0,1.1162774036627114,0.0,0.0,0.0
blk0_spa/c_readout,71,0,512,0.0,0.0,0.5194266797499554,0.0,0.0,0.0
blk0_spa/d_path,71,0,512,0.0,0.0,20.917232351426254,0.0,0.0,0.0
blk0_spa/readout,71,0,512,0.0,0.0,26.34958659991937,0.0,0.0,0.0
blk0_spa/state,72,0,8192,0.0,0.0,1.1182953141724934,0.0,0.0,0.0
blk0_spa/c_readout,72,0,512,0.0,0.0,0.54928928374899,0.0,0.0,0.0
blk0_spa/d_path,72,0,512,0.0,0.0,21.294290195607946,0.0,0.0,0.0
blk0_spa/readout,72,0,512,0.0,0.0,26.852512210864173,0.0,0.0,0.0
blk0_spa/state,73,0,8192,0.0,0.0,1.1152313997624288,0.0,0.0,0.0
blk0_spa/c_readout,73,0,512,0.0,0.0,0.5081239390626644,0.0,0.0,0.0
blk0_spa/d_path,73,0,512,0.0,0.0,21.83933031017052,0.0,0.0,0.0
blk0_spa/readout,73,0,512,0.0,0.0,27.266331411650622,0.0,0.0,0.0
blk0_spa/state,74,0,8192,0.0,0.0,1.121497164250229,0.0,0.0,0.0
blk0_spa/c_readout,74,0,512,0.0,0.0,0.5579730371821763,0.0,0.0,0.0
blk0_spa/d_path,74,0,512,0.0,0.0,22.38150029417469,0.0,0.0,0.0
blk0_spa/readout,74,0,512,0.0,0.0,28.10510175146941,0.0,0.0,0.0
blk0_spa/state,75,0,8192,0.0,0.0,1.1424040345182245,0.0,0.0,0.0
blk0_spa/c_readout,75,0,512,0.0,0.0,0.6485599771207614,0.0,0.0,0.0
blk0_spa/d_path,75,0,512,0.0,0.0,21.74631620040374,0.0,0.0,0.0
blk0_spa/readout,75,0,512,0.0,0.0,28.103376901608367,0.0,0.0,0.0
blk0_spa/state,76,0,8192,0.0,0.0,1.1381543987132687,0.0,0.0,0.0
blk0_spa/c_readout,76,0,512,0.0,0.0,0.5595506106772303,0.0,0.0,0.0
blk0_spa/d_path,76,0,512,0.0,0.0,21.20457586335448,0.0,0.0,0.0
blk0_spa/readout,76,0,512,0.0,0.0,26.958789251976068,0.0,0.0,0.0
blk0_spa/state,77,0,8192,0.0,0.0,1.1163911333135461,0.0,0.0,0.0
blk0_spa/c_readout,77,0,512,0.0,0.0,0.5750105834868852,0.0,0.0,0.0
blk0_spa/d_path,77,0,512,0.0,0.0,21.128748322186432,0.0,0.0,0.0
blk0_spa/readout,77,0,512,0.0,0.0,26.88586937996082,0.0,0.0,0.0
blk0_spa/state,78,0,8192,0.0,0.0,1.1168703516052403,0.0,0.0,0.0
blk0_spa/c_readout,78,0,512,0.0,0.0,0.5456082135380675,0.0,0.0,0.0
blk0_spa/d_path,78,0,512,0.0,0.0,21.24697531128626,0.0,0.0,0.0
blk0_spa/readout,78,0,512,0.0,0.0,26.948135709061066,0.0,0.0,0.0
blk0_spa/state,79,0,8192,0.0,0.0,1.120539223439497,0.0,0.0,0.0
blk0_spa/c_readout,79,0,512,0.0,0.0,0.5634356301378591,0.0,0.0,0.0
blk0_spa/d_path,79,0,512,0.0,0.0,21.82987761643583,0.0,0.0,0.0
blk0_spa/readout,79,0,512,0.0,0.0,27.604276978788416,0.0,0.0,0.0
blk0_spa/state,80,0,8192,0.0,0.0,1.1353842188081988,0.0,0.0,0.0
blk0_spa/c_readout,80,0,512,0.0,0.0,0.641394914180476,0.0,0.0,0.0
blk0_spa/d_path,80,0,512,0.0,0.0,22.777600959709595,0.0,0.0,0.0
blk0_spa/readout,80,0,512,0.0,0.0,29.10224618651058,0.0,0.0,0.0
blk0_spa/state,81,0,8192,0.0,0.0,1.1504553034741958,0.0,0.0,0.0
blk0_spa/c_readout,81,0,512,0.0,0.0,0.6122753670350979,0.0,0.0,0.0
blk0_spa/d_path,81,0,512,0.0,0.0,23.115232660265015,0.0,0.0,0.0
blk0_spa/readout,81,0,512,0.0,0.0,29.213589603271323,0.0,0.0,0.0
blk0_spa/state,82,0,8192,0.0,0.0,1.1785578740315281,0.0,0.0,0.0
blk0_spa/c_readout,82,0,512,0.0,0.0,0.6931607294325437,0.0,0.0,0.0
blk0_spa/d_path,82,0,512,0.0,0.0,24.25204348647538,0.0,0.0,0.0
blk0_spa/readout,82,0,512,0.0,0.0,30.848338013563463,0.0,0.0,0.0
blk0_spa/state,83,0,8192,0.0,0.0,1.1797390698422054,0.0,0.0,0.0
blk0_spa/c_readout,83,0,512,0.0,0.0,0.5505018281763261,0.0,0.0,0.0
blk0_spa/d_path,83,0,512,0.0,0.0,24.222619861513873,0.0,0.0,0.0
blk0_spa/readout,83,0,512,0.0,0.0,29.846129335948486,0.0,0.0,0.0
blk0_spa/state,84,0,8192,0.0,0.0,1.1619040448606006,0.0,0.0,0.0
blk0_spa/c_readout,84,0,512,0.0,0.0,0.5498371835334694,0.0,0.0,0.0
blk0_spa/d_path,84,0,512,0.0,0.0,22.698318896223586,0.0,0.0,0.0
blk0_spa/readout,84,0,512,0.0,0.0,28.30434082531922,0.0,0.0,0.0
blk0_spa/state,85,0,8192,0.0,0.0,1.1598324609563873,0.0,0.0,0.0
blk0_spa/c_readout,85,0,512,0.0,0.0,0.6617010192591285,0.0,0.0,0.0
blk0_spa/d_path,85,0,512,0.0,0.0,22.98574839888134,0.0,0.0,0.0
blk0_spa/readout,85,0,512,0.0,0.0,29.42611285136484,0.0,0.0,0.0
blk0_spa/state,86,0,8192,0.0,0.0,1.1637655222367005,0.0,0.0,0.0
blk0_spa/c_readout,86,0,512,0.0,0.0,0.5485372350129478,0.0,0.0,0.0
blk0_spa/d_path,86,0,512,0.0,0.0,21.98108576152576,0.0,0.0,0.0
blk0_spa/readout,86,0,512,0.0,0.0,27.82408107104783,0.0,0.0,0.0
blk0_spa/state,87,0,8192,0.0,0.0,1.136461880862705,0.0,0.0,0.0
blk0_spa/c_readout,87,0,512,0.0,0.0,0.5410900776705279,0.0,0.0,0.0
blk0_spa/d_path,87,0,512,0.0,0.0,21.346932787714366,0.0,0.0,0.0
blk0_spa/readout,87,0,512,0.0,0.0,26.872665588461,0.0,0.0,0.0
blk0_spa/state,88,0,8192,0.0,0.0,1.1753669755112754,0.0,0.0,0.0
blk0_spa/c_readout,88,0,512,0.0,0.0,0.6095933167369104,0.0,0.0,0.0
blk0_spa/d_path,88,0,512,0.0,0.0,22.309264859116535,0.0,0.0,0.0
blk0_spa/readout,88,0,512,0.0,0.0,28.581302280021156,0.0,0.0,0.0
blk0_spa/state,89,0,8192,0.0,0.0,1.1965485005802057,0.0,0.0,0.0
blk0_spa/c_readout,89,0,512,0.0,0.0,0.6570632734651563,0.0,0.0,0.0
blk0_spa/d_path,89,0,512,0.0,0.0,21.88501247637538,0.0,0.0,0.0
blk0_spa/readout,89,0,512,0.0,0.0,28.372992386717506,0.0,0.0,0.0
blk0_spa/state,90,0,8192,0.0,0.0,1.186028671489247,0.0,0.0,0.0
blk0_spa/c_readout,90,0,512,0.0,0.0,0.6295997875275579,0.0,0.0,0.0
blk0_spa/d_path,90,0,512,0.0,0.0,20.999814163544194,0.0,0.0,0.0
blk0_spa/readout,90,0,512,0.0,0.0,27.12466657204426,0.0,0.0,0.0
blk0_spa/state,91,0,8192,0.0,0.0,1.181280886104202,0.0,0.0,0.0
blk0_spa/c_readout,91,0,512,0.0,0.0,0.6089653857990723,0.0,0.0,0.0
blk0_spa/d_path,91,0,512,0.0,0.0,20.77968758106019,0.0,0.0,0.0
blk0_spa/readout,91,0,512,0.0,0.0,26.89608893555558,0.0,0.0,0.0
blk0_spa/state,92,0,8192,0.0,0.0,1.1752938335972607,0.0,0.0,0.0
blk0_spa/c_readout,92,0,512,0.0,0.0,0.6468684418683207,0.0,0.0,0.0
blk0_spa/d_path,92,0,512,0.0,0.0,20.678080120979473,0.0,0.0,0.0
blk0_spa/readout,92,0,512,0.0,0.0,27.008804414615554,0.0,0.0,0.0
blk0_spa/state,93,0,8192,0.0,0.0,1.1768399832613015,0.0,0.0,0.0
blk0_spa/c_readout,93,0,512,0.0,0.0,0.6591091876919232,0.0,0.0,0.0
blk0_spa/d_path,93,0,512,0.0,0.0,21.123008012933987,0.0,0.0,0.0
blk0_spa/readout,93,0,512,0.0,0.0,27.59487438423947,0.0,0.0,0.0
blk0_spa/state,94,0,8192,0.0,0.0,1.1805745378035761,0.0,0.0,0.0
blk0_spa/c_readout,94,0,512,0.0,0.0,0.6329264839571314,0.0,0.0,0.0
blk0_spa/d_path,94,0,512,0.0,0.0,21.672241670853207,0.0,0.0,0.0
blk0_spa/readout,94,0,512,0.0,0.0,28.027758024556316,0.0,0.0,0.0
blk0_spa/state,95,0,8192,0.0,0.0,1.177475298194054,0.0,0.0,0.0
blk0_spa/c_readout,95,0,512,0.0,0.0,0.6262826047263239,0.0,0.0,0.0
blk0_spa/d_path,95,0,512,0.0,0.0,21.144577268736423,0.0,0.0,0.0
blk0_spa/readout,95,0,512,0.0,0.0,27.36581319272924,0.0,0.0,0.0
blk0_spa/state,96,0,8192,0.0,0.0,1.1916068746053312,0.0,0.0,0.0
blk0_spa/c_readout,96,0,512,0.0,0.0,0.6772305561289931,0.0,0.0,0.0
blk0_spa/d_path,96,0,512,0.0,0.0,22.800270154185974,0.0,0.0,0.0
blk0_spa/readout,96,0,512,0.0,0.0,29.393382572517922,0.0,0.0,0.0
blk0_spa/state,97,0,8192,0.0,0.0,1.2040825164363604,0.0,0.0,0.0
blk0_spa/c_readout,97,0,512,0.0,0.0,0.5994194487073623,0.0,0.0,0.0
blk0_spa/d_path,97,0,512,0.0,0.0,24.308260935659554,0.0,0.0,0.0
blk0_spa/readout,97,0,512,0.0,0.0,30.533717342868908,0.0,0.0,0.0
blk0_spa/state,98,0,8192,0.0,0.0,1.213794452625884,0.0,0.0,0.0
blk0_spa/c_readout,98,0,512,0.0,0.0,0.5700279203849651,0.0,0.0,0.0
blk0_spa/d_path,98,0,512,0.0,0.0,24.532117087018673,0.0,0.0,0.0
blk0_spa/readout,98,0,512,0.0,0.0,30.379054522898297,0.0,0.0,0.0
blk0_spa/state,99,0,8192,0.0,0.0,1.2085444258165758,0.0,0.0,0.0
blk0_spa/c_readout,99,0,512,0.0,0.0,0.6959027610884153,0.0,0.0,0.0
blk0_spa/d_path,99,0,512,0.0,0.0,21.874391072012685,0.0,0.0,0.0
blk0_spa/readout,99,0,512,0.0,0.0,28.433094338588653,0.0,0.0,0.0
blk0_spa/state,100,0,8192,0.0,0.0,1.2091790748327143,0.0,0.0,0.0
blk0_spa/c_readout,100,0,512,0.0,0.0,0.5768864553402366,0.0,0.0,0.0
blk0_spa/d_path,100,0,512,0.0,0.0,21.227279492631176,0.0,0.0,0.0
blk0_spa/readout,100,0,512,0.0,0.0,27.267921858849242,0.0,0.0,0.0
blk0_spa/state,101,0,8192,0.0,0.0,1.2060460268154292,0.0,0.0,0.0
blk0_spa/c_readout,101,0,512,0.0,0.0,0.6112812467497093,0.0,0.0,0.0
blk0_spa/d_path,101,0,512,0.0,0.0,21.501458012986603,0.0,0.0,0.0
blk0_spa/readout,101,0,512,0.0,0.0,27.744229522614248,0.0,0.0,0.0
blk0_spa/state,102,0,8192,0.0,0.0,1.197544073736218,0.0,0.0,0.0
blk0_spa/c_readout,102,0,512,0.0,0.0,0.6095090404527718,0.0,0.0,0.0
blk0_spa/d_path,102,0,512,0.0,0.0,21.905894128162675,0.0,0.0,0.0
blk0_spa/readout,102,0,512,0.0,0.0,28.109216585199412,0.0,0.0,0.0
blk0_spa/state,103,0,8192,0.0,0.0,1.2071615818429775,0.0,0.0,0.0
blk0_spa/c_readout,103,0,512,0.0,0.0,0.5884723700301392,0.0,0.0,0.0
blk0_spa/d_path,103,0,512,0.0,0.0,22.900846409038316,0.0,0.0,0.0
blk0_spa/readout,103,0,512,0.0,0.0,28.993243602578087,0.0,0.0,0.0
blk0_spa/state,104,0,8192,0.0,0.0,1.2454765424287682,0.0,0.0,0.0
blk0_spa/c_readout,104,0,512,0.0,0.0,0.6371682385713928,0.0,0.0,0.0
blk0_spa/d_path,104,0,512,0.0,0.0,22.245553996917053,0.0,0.0,0.0
blk0_spa/readout,104,0,512,0.0,0.0,28.78224851690622,0.0,0.0,0.0
blk0_spa/state,105,0,8192,0.0,0.0,1.255379772311032,0.0,0.0,0.0
blk0_spa/c_readout,105,0,512,0.0,0.0,0.6671769709812962,0.0,0.0,0.0
blk0_spa/d_path,105,0,512,0.0,0.0,21.682570933660624,0.0,0.0,0.0
blk0_spa/readout,105,0,512,0.0,0.0,28.29089391845791,0.0,0.0,0.0
blk0_spa/state,106,0,8192,0.0,0.0,1.2501647153854922,0.0,0.0,0.0
blk0_spa/c_readout,106,0,512,0.0,0.0,0.6495989990805069,0.0,0.0,0.0
blk0_spa/d_path,106,0,512,0.0,0.0,21.433983247508866,0.0,0.0,0.0
blk0_spa/readout,106,0,512,0.0,0.0,27.885196211982596,0.0,0.0,0.0
blk0_spa/state,107,0,8192,0.0,0.0,1.2243072401297659,0.0,0.0,0.0
blk0_spa/c_readout,107,0,512,0.0,0.0,0.6494471345824375,0.0,0.0,0.0
blk0_spa/d_path,107,0,512,0.0,0.0,20.110250477180724,0.0,0.0,0.0
blk0_spa/readout,107,0,512,0.0,0.0,26.469878384227503,0.0,0.0,0.0
blk0_spa/state,108,0,8192,0.0,0.0,1.2401377992751554,0.0,0.0,0.0
blk0_spa/c_readout,108,0,512,0.0,0.0,0.7233961707503521,0.0,0.0,0.0
blk0_spa/d_path,108,0,512,0.0,0.0,22.012124855571948,0.0,0.0,0.0
blk0_spa/readout,108,0,512,0.0,0.0,29.075749396543127,0.0,0.0,0.0
blk0_spa/state,109,0,8192,0.0,0.0,1.2521607665519399,0.0,0.0,0.0
blk0_spa/c_readout,109,0,512,0.0,0.0,0.7142888212055466,0.0,0.0,0.0
blk0_spa/d_path,109,0,512,0.0,0.0,22.38187838932629,0.0,0.0,0.0
blk0_spa/readout,109,0,512,0.0,0.0,29.400476353883967,0.0,0.0,0.0
blk0_spa/state,110,0,8192,0.0,0.0,1.2483665025305415,0.0,0.0,0.0
blk0_spa/c_readout,110,0,512,0.0,0.0,0.6940043755471159,0.0,0.0,0.0
blk0_spa/d_path,110,0,512,0.0,0.0,22.58065908560907,0.0,0.0,0.0
blk0_spa/readout,110,0,512,0.0,0.0,29.318026859811827,0.0,0.0,0.0
blk0_spa/state,111,0,8192,0.0,0.0,1.2522571772784286,0.0,0.0,0.0
blk0_spa/c_readout,111,0,512,0.0,0.0,0.6607556021658707,0.0,0.0,0.0
blk0_spa/d_path,111,0,512,0.0,0.0,21.490613236272086,0.0,0.0,0.0
blk0_spa/readout,111,0,512,0.0,0.0,28.06781254108764,0.0,0.0,0.0
blk0_spa/state,112,0,8192,0.0,0.0,1.2559205992659934,0.0,0.0,0.0
blk0_spa/c_readout,112,0,512,0.0,0.0,0.6910405658272343,0.0,0.0,0.0
blk0_spa/d_path,112,0,512,0.0,0.0,22.626839681725333,0.0,0.0,0.0
blk0_spa/readout,112,0,512,0.0,0.0,29.32608141794,0.0,0.0,0.0
blk0_spa/state,113,0,8192,0.0,0.0,1.2779578463522412,0.0,0.0,0.0
blk0_spa/c_readout,113,0,512,0.0,0.0,0.6883816550180818,0.0,0.0,0.0
blk0_spa/d_path,113,0,512,0.0,0.0,24.705186571703564,0.0,0.0,0.0
blk0_spa/readout,113,0,512,0.0,0.0,31.56018203566105,0.0,0.0,0.0
blk0_spa/state,114,0,8192,0.0,0.0,1.2688627642902472,0.0,0.0,0.0
blk0_spa/c_readout,114,0,512,0.0,0.0,0.5911062462810838,0.0,0.0,0.0
blk0_spa/d_path,114,0,512,0.0,0.0,23.767139337150724,0.0,0.0,0.0
blk0_spa/readout,114,0,512,0.0,0.0,29.858415380557183,0.0,0.0,0.0
blk0_spa/state,115,0,8192,0.0,0.0,1.2605190554180206,0.0,0.0,0.0
blk0_spa/c_readout,115,0,512,0.0,0.0,0.7091623170782964,0.0,0.0,0.0
blk0_spa/d_path,115,0,512,0.0,0.0,21.92368236230857,0.0,0.0,0.0
blk0_spa/readout,115,0,512,0.0,0.0,28.645892454910495,0.0,0.0,0.0
blk0_spa/state,116,0,8192,0.0,0.0,1.296814433639968,0.0,0.0,0.0
blk0_spa/c_readout,116,0,512,0.0,0.0,0.7050164518159198,0.0,0.0,0.0
blk0_spa/d_path,116,0,512,0.0,0.0,24.594985812195134,0.0,0.0,0.0
blk0_spa/readout,116,0,512,0.0,0.0,31.740972097279652,0.0,0.0,0.0
blk0_spa/state,117,0,8192,0.0,0.0,1.294466895023773,0.0,0.0,0.0
blk0_spa/c_readout,117,0,512,0.0,0.0,0.6524929541866258,0.0,0.0,0.0
blk0_spa/d_path,117,0,512,0.0,0.0,24.070586758292574,0.0,0.0,0.0
blk0_spa/readout,117,0,512,0.0,0.0,30.708217750433185,0.0,0.0,0.0
blk0_spa/state,118,0,8192,0.0,0.0,1.2822199906879987,0.0,0.0,0.0
blk0_spa/c_readout,118,0,512,0.0,0.0,0.6408320186165917,0.0,0.0,0.0
blk0_spa/d_path,118,0,512,0.0,0.0,23.208229541629205,0.0,0.0,0.0
blk0_spa/readout,118,0,512,0.0,0.0,29.73651737023463,0.0,0.0,0.0
blk0_spa/state,119,0,8192,0.0,0.0,1.2877667953720127,0.0,0.0,0.0
blk0_spa/c_readout,119,0,512,0.0,0.0,0.615767693352042,0.0,0.0,0.0
blk0_spa/d_path,119,0,512,0.0,0.0,22.92255315098613,0.0,0.0,0.0
blk0_spa/readout,119,0,512,0.0,0.0,29.2825477688566,0.0,0.0,0.0
blk0_spa/state,120,0,8192,0.0,0.0,1.3268778564447878,0.0,0.0,0.0
blk0_spa/c_readout,120,0,512,0.0,0.0,0.665843280255112,0.0,0.0,0.0
blk0_spa/d_path,120,0,512,0.0,0.0,23.11325626254264,0.0,0.0,0.0
blk0_spa/readout,120,0,512,0.0,0.0,30.004710158823436,0.0,0.0,0.0
blk0_spa/state,121,0,8192,0.0,0.0,1.3340883914728876,0.0,0.0,0.0
blk0_spa/c_readout,121,0,512,0.0,0.0,0.6755455008069576,0.0,0.0,0.0
blk0_spa/d_path,121,0,512,0.0,0.0,21.17202440658082,0.0,0.0,0.0
blk0_spa/readout,121,0,512,0.0,0.0,27.94751637164642,0.0,0.0,0.0
blk0_spa/state,122,0,8192,0.0,0.0,1.316200633669414,0.0,0.0,0.0
blk0_spa/c_readout,122,0,512,0.0,0.0,0.6663580385819236,0.0,0.0,0.0
blk0_spa/d_path,122,0,512,0.0,0.0,20.632208964961563,0.0,0.0,0.0
blk0_spa/readout,122,0,512,0.0,0.0,27.17304165268556,0.0,0.0,0.0
blk0_spa/state,123,0,8192,0.0,0.0,1.2919374382708004,0.0,0.0,0.0
blk0_spa/c_readout,123,0,512,0.0,0.0,0.7242145402895244,0.0,0.0,0.0
blk0_spa/d_path,123,0,512,0.0,0.0,21.268664830332696,0.0,0.0,0.0
blk0_spa/readout,123,0,512,0.0,0.0,28.14185569813136,0.0,0.0,0.0
blk0_spa/state,124,0,8192,0.0,0.0,1.296001782565783,0.0,0.0,0.0
blk0_spa/c_readout,124,0,512,0.0,0.0,0.7235075845233943,0.0,0.0,0.0
blk0_spa/d_path,124,0,512,0.0,0.0,21.090112807789595,0.0,0.0,0.0
blk0_spa/readout,124,0,512,0.0,0.0,28.10575340076351,0.0,0.0,0.0
blk0_spa/state,125,0,8192,0.0,0.0,1.308917867282045,0.0,0.0,0.0
blk0_spa/c_readout,125,0,512,0.0,0.0,0.7687334425664409,0.0,0.0,0.0
blk0_spa/d_path,125,0,512,0.0,0.0,22.009976547906323,0.0,0.0,0.0
blk0_spa/readout,125,0,512,0.0,0.0,29.42709543619153,0.0,0.0,0.0
blk0_spa/state,126,0,8192,0.0,0.0,1.3026925554799944,0.0,0.0,0.0
blk0_spa/c_readout,126,0,512,0.0,0.0,0.70845048061507,0.0,0.0,0.0
blk0_spa/d_path,126,0,512,0.0,0.0,22.016593361592225,0.0,0.0,0.0
blk0_spa/readout,126,0,512,0.0,0.0,28.88744839684208,0.0,0.0,0.0
blk0_spa/state,127,0,8192,0.0,0.0,1.301551422837274,0.0,0.0,0.0
blk0_spa/c_readout,127,0,512,0.0,0.0,0.7250929274608344,0.0,0.0,0.0
blk0_spa/d_path,127,0,512,0.0,0.0,22.27985838691591,0.0,0.0,0.0
blk0_spa/readout,127,0,512,0.0,0.0,29.41088752391959,0.0,0.0,0.0
blk0_spa/state,128,0,8192,0.0,0.0,1.3111441369505419,0.0,0.0,0.0
blk0_spa/c_readout,128,0,512,0.0,0.0,0.7682286854955781,0.0,0.0,0.0
blk0_spa/d_path,128,0,512,0.0,0.0,22.523926059253824,0.0,0.0,0.0
blk0_spa/readout,128,0,512,0.0,0.0,29.769235810080943,0.0,0.0,0.0
blk0_spa/state,129,0,8192,0.0,0.0,1.3161357151912372,0.0,0.0,0.0
blk0_spa/c_readout,129,0,512,0.0,0.0,0.6769245777967674,0.0,0.0,0.0
blk0_spa/d_path,129,0,512,0.0,0.0,23.971763586573534,0.0,0.0,0.0
blk0_spa/readout,129,0,512,0.0,0.0,30.89266309720058,0.0,0.0,0.0
blk0_spa/state,130,0,8192,0.0,0.0,1.3081444999229102,0.0,0.0,0.0
blk0_spa/c_readout,130,0,512,0.0,0.0,0.6499798037785078,0.0,0.0,0.0
blk0_spa/d_path,130,0,512,0.0,0.0,24.475005774344602,0.0,0.0,0.0
blk0_spa/readout,130,0,512,0.0,0.0,31.106180684127473,0.0,0.0,0.0
blk0_spa/state,131,0,8192,0.0,0.0,1.2912228939052144,0.0,0.0,0.0
blk0_spa/c_readout,131,0,512,0.0,0.0,0.5697935299575423,0.0,0.0,0.0
blk0_spa/d_path,131,0,512,0.0,0.0,23.080928017210265,0.0,0.0,0.0
blk0_spa/readout,131,0,512,0.0,0.0,29.118523709252912,0.0,0.0,0.0
blk0_spa/state,132,0,8192,0.0,0.0,1.3173822567493345,0.0,0.0,0.0
blk0_spa/c_readout,132,0,512,0.0,0.0,0.6950845612109443,0.0,0.0,0.0
blk0_spa/d_path,132,0,512,0.0,0.0,23.894543956924444,0.0,0.0,0.0
blk0_spa/readout,132,0,512,0.0,0.0,30.9744364422145,0.0,0.0,0.0
blk0_spa/state,133,0,8192,0.0,0.0,1.3106897929579229,0.0,0.0,0.0
blk0_spa/c_readout,133,0,512,0.0,0.0,0.5805423552644287,0.0,0.0,0.0
blk0_spa/d_path,133,0,512,0.0,0.0,22.1407325492582,0.0,0.0,0.0
blk0_spa/readout,133,0,512,0.0,0.0,28.329426999174117,0.0,0.0,0.0
blk0_spa/state,134,0,8192,0.0,0.0,1.333625501169937,0.0,0.0,0.0
blk0_spa/c_readout,134,0,512,0.0,0.0,0.7056232668323645,0.0,0.0,0.0
blk0_spa/d_path,134,0,512,0.0,0.0,22.932830794600363,0.0,0.0,0.0
blk0_spa/readout,134,0,512,0.0,0.0,30.07520505311056,0.0,0.0,0.0
blk0_spa/state,135,0,8192,0.0,0.0,1.3481106184779308,0.0,0.0,0.0
blk0_spa/c_readout,135,0,512,0.0,0.0,0.6050463254271019,0.0,0.0,0.0
blk0_spa/d_path,135,0,512,0.0,0.0,21.909778506481704,0.0,0.0,0.0
blk0_spa/readout,135,0,512,0.0,0.0,28.416730735567498,0.0,0.0,0.0
blk0_spa/state,136,0,8192,0.0,0.0,1.327858681926197,0.0,0.0,0.0
blk0_spa/c_readout,136,0,512,0.0,0.0,0.5915177527824937,0.0,0.0,0.0
blk0_spa/d_path,136,0,512,0.0,0.0,20.86917847907317,0.0,0.0,0.0
blk0_spa/readout,136,0,512,0.0,0.0,27.070335308194544,0.0,0.0,0.0
blk0_spa/state,137,0,8192,0.0,0.0,1.297594004396119,0.0,0.0,0.0
blk0_spa/c_readout,137,0,512,0.0,0.0,0.6550299679908618,0.0,0.0,0.0
blk0_spa/d_path,137,0,512,0.0,0.0,20.651114219026482,0.0,0.0,0.0
blk0_spa/readout,137,0,512,0.0,0.0,27.175617050807713,0.0,0.0,0.0
blk0_spa/state,138,0,8192,0.0,0.0,1.3040084906232918,0.0,0.0,0.0
blk0_spa/c_readout,138,0,512,0.0,0.0,0.7763582229490433,0.0,0.0,0.0
blk0_spa/d_path,138,0,512,0.0,0.0,21.217139333787017,0.0,0.0,0.0
blk0_spa/readout,138,0,512,0.0,0.0,28.470727765996685,0.0,0.0,0.0
blk0_spa/state,139,0,8192,0.0,0.0,1.3355055986301028,0.0,0.0,0.0
blk0_spa/c_readout,139,0,512,0.0,0.0,0.7768038695468016,0.0,0.0,0.0
blk0_spa/d_path,139,0,512,0.0,0.0,22.348948801643118,0.0,0.0,0.0
blk0_spa/readout,139,0,512,0.0,0.0,29.8940922346057,0.0,0.0,0.0
blk0_spa/state,140,0,8192,0.0,0.0,1.3235781911257491,0.0,0.0,0.0
blk0_spa/c_readout,140,0,512,0.0,0.0,0.7081580130198445,0.0,0.0,0.0
blk0_spa/d_path,140,0,512,0.0,0.0,22.165429766151345,0.0,0.0,0.0
blk0_spa/readout,140,0,512,0.0,0.0,29.05154384228448,0.0,0.0,0.0
blk0_spa/state,141,0,8192,0.0,0.0,1.3004963372041056,0.0,0.0,0.0
blk0_spa/c_readout,141,0,512,0.0,0.0,0.7095413948673689,0.0,0.0,0.0
blk0_spa/d_path,141,0,512,0.0,0.0,20.98632262312188,0.0,0.0,0.0
blk0_spa/readout,141,0,512,0.0,0.0,27.95185249766258,0.0,0.0,0.0
blk0_spa/state,142,0,8192,0.0,0.0,1.2971974241122124,0.0,0.0,0.0
blk0_spa/c_readout,142,0,512,0.0,0.0,0.6981603324188044,0.0,0.0,0.0
blk0_spa/d_path,142,0,512,0.0,0.0,21.12799218001885,0.0,0.0,0.0
blk0_spa/readout,142,0,512,0.0,0.0,28.12681094276754,0.0,0.0,0.0
blk0_spa/state,143,0,8192,0.0,0.0,1.307067822252517,0.0,0.0,0.0
blk0_spa/c_readout,143,0,512,0.0,0.0,0.7511758726464173,0.0,0.0,0.0
blk0_spa/d_path,143,0,512,0.0,0.0,21.591120719170366,0.0,0.0,0.0
blk0_spa/readout,143,0,512,0.0,0.0,29.029400963240796,0.0,0.0,0.0
blk0_spa/state,144,0,8192,0.0,0.0,1.2986024593474716,0.0,0.0,0.0
blk0_spa/c_readout,144,0,512,0.0,0.0,0.7470372064863299,0.0,0.0,0.0
blk0_spa/d_path,144,0,512,0.0,0.0,20.501006103380536,0.0,0.0,0.0
blk0_spa/readout,144,0,512,0.0,0.0,27.52466487440494,0.0,0.0,0.0
blk0_spa/state,145,0,8192,0.0,0.0,1.3214258888242736,0.0,0.0,0.0
blk0_spa/c_readout,145,0,512,0.0,0.0,0.7465383076316551,0.0,0.0,0.0
blk0_spa/d_path,145,0,512,0.0,0.0,24.491573691047037,0.0,0.0,0.0
blk0_spa/readout,145,0,512,0.0,0.0,31.95451029208364,0.0,0.0,0.0
blk0_spa/state,146,0,8192,0.0,0.0,1.3258561101126687,0.0,0.0,0.0
blk0_spa/c_readout,146,0,512,0.0,0.0,0.6309962026685803,0.0,0.0,0.0
blk0_spa/d_path,146,0,512,0.0,0.0,23.572913057850126,0.0,0.0,0.0
blk0_spa/readout,146,0,512,0.0,0.0,30.17182731077729,0.0,0.0,0.0
blk0_spa/state,147,0,8192,0.0,0.0,1.2970022125027925,0.0,0.0,0.0
blk0_spa/c_readout,147,0,512,0.0,0.0,0.6129161130861114,0.0,0.0,0.0
blk0_spa/d_path,147,0,512,0.0,0.0,21.319502915405764,0.0,0.0,0.0
blk0_spa/readout,147,0,512,0.0,0.0,27.6114698272945,0.0,0.0,0.0
blk0_spa/state,148,0,8192,0.0,0.0,1.2850309798737862,0.0,0.0,0.0
blk0_spa/c_readout,148,0,512,0.0,0.0,0.6769233944529768,0.0,0.0,0.0
blk0_spa/d_path,148,0,512,0.0,0.0,21.24898614105834,0.0,0.0,0.0
blk0_spa/readout,148,0,512,0.0,0.0,28.03535123224044,0.0,0.0,0.0
blk0_spa/state,149,0,8192,0.0,0.0,1.312247057719191,0.0,0.0,0.0
blk0_spa/c_readout,149,0,512,0.0,0.0,0.7307783294710124,0.0,0.0,0.0
blk0_spa/d_path,149,0,512,0.0,0.0,22.855061254752364,0.0,0.0,0.0
blk0_spa/readout,149,0,512,0.0,0.0,30.095080538582632,0.0,0.0,0.0
blk0_spa/state,150,0,8192,0.0,0.0,1.3532620888159017,0.0,0.0,0.0
blk0_spa/c_readout,150,0,512,0.0,0.0,0.6077920997658911,0.0,0.0,0.0
blk0_spa/d_path,150,0,512,0.0,0.0,23.40902121759217,0.0,0.0,0.0
blk0_spa/readout,150,0,512,0.0,0.0,30.104102465748465,0.0,0.0,0.0
blk0_spa/state,151,0,8192,0.0,0.0,1.3372097368831084,0.0,0.0,0.0
blk0_spa/c_readout,151,0,512,0.0,0.0,0.6291202309867151,0.0,0.0,0.0
blk0_spa/d_path,151,0,512,0.0,0.0,21.597204841432816,0.0,0.0,0.0
blk0_spa/readout,151,0,512,0.0,0.0,28.212515127567432,0.0,0.0,0.0
blk0_spa/state,152,0,8192,0.0,0.0,1.3114511205336907,0.0,0.0,0.0
blk0_spa/c_readout,152,0,512,0.0,0.0,0.6289380659660936,0.0,0.0,0.0
blk0_spa/d_path,152,0,512,0.0,0.0,20.64157567209264,0.0,0.0,0.0
blk0_spa/readout,152,0,512,0.0,0.0,27.064797663780553,0.0,0.0,0.0
blk0_spa/state,153,0,8192,0.0,0.0,1.3119789629123337,0.0,0.0,0.0
blk0_spa/c_readout,153,0,512,0.0,0.0,0.7527207634398521,0.0,0.0,0.0
blk0_spa/d_path,153,0,512,0.0,0.0,20.846577972657332,0.0,0.0,0.0
blk0_spa/readout,153,0,512,0.0,0.0,28.153192275607246,0.0,0.0,0.0
blk0_spa/state,154,0,8192,0.0,0.0,1.3215864009005123,0.0,0.0,0.0
blk0_spa/c_readout,154,0,512,0.0,0.0,0.7513449825643052,0.0,0.0,0.0
blk0_spa/d_path,154,0,512,0.0,0.0,20.457798877584352,0.0,0.0,0.0
blk0_spa/readout,154,0,512,0.0,0.0,27.685157557242114,0.0,0.0,0.0
blk0_spa/state,155,0,8192,0.0,0.0,1.3534199098580673,0.0,0.0,0.0
blk0_spa/c_readout,155,0,512,0.0,0.0,0.7920133266811515,0.0,0.0,0.0
blk0_spa/d_path,155,0,512,0.0,0.0,22.540459619548255,0.0,0.0,0.0
blk0_spa/readout,155,0,512,0.0,0.0,30.18323855306721,0.0,0.0,0.0
blk0_spa/state,156,0,8192,0.0,0.0,1.3508482802948236,0.0,0.0,0.0
blk0_spa/c_readout,156,0,512,0.0,0.0,0.682628516368423,0.0,0.0,0.0
blk0_spa/d_path,156,0,512,0.0,0.0,23.133708278377455,0.0,0.0,0.0
blk0_spa/readout,156,0,512,0.0,0.0,30.107512223858475,0.0,0.0,0.0
blk0_spa/state,157,0,8192,0.0,0.0,1.3249283874946376,0.0,0.0,0.0
blk0_spa/c_readout,157,0,512,0.0,0.0,0.694679393314407,0.0,0.0,0.0
blk0_spa/d_path,157,0,512,0.0,0.0,21.119845656926774,0.0,0.0,0.0
blk0_spa/readout,157,0,512,0.0,0.0,28.008173807532106,0.0,0.0,0.0
blk0_spa/state,158,0,8192,0.0,0.0,1.328175496075214,0.0,0.0,0.0
blk0_spa/c_readout,158,0,512,0.0,0.0,0.7518556505048725,0.0,0.0,0.0
blk0_spa/d_path,158,0,512,0.0,0.0,21.607877699952255,0.0,0.0,0.0
blk0_spa/readout,158,0,512,0.0,0.0,29.026934313755227,0.0,0.0,0.0
blk0_spa/state,159,0,8192,0.0,0.0,1.3369120807251158,0.0,0.0,0.0
blk0_spa/c_readout,159,0,512,0.0,0.0,0.7666988018492595,0.0,0.0,0.0
blk0_spa/d_path,159,0,512,0.0,0.0,21.23808982354295,0.0,0.0,0.0
blk0_spa/readout,159,0,512,0.0,0.0,28.795611024670343,0.0,0.0,0.0
blk0_spa/state,160,0,8192,0.0,0.0,1.3420820684248382,0.0,0.0,0.0
blk0_spa/c_readout,160,0,512,0.0,0.0,0.7398992577783292,0.0,0.0,0.0
blk0_spa/d_path,160,0,512,0.0,0.0,21.080350797733885,0.0,0.0,0.0
blk0_spa/readout,160,0,512,0.0,0.0,28.289001206206702,0.0,0.0,0.0
blk0_spa/state,161,0,8192,0.0,0.0,1.3382791594710985,0.0,0.0,0.0
blk0_spa/c_readout,161,0,512,0.0,0.0,0.693854706846453,0.0,0.0,0.0
blk0_spa/d_path,161,0,512,0.0,0.0,23.932148288097768,0.0,0.0,0.0
blk0_spa/readout,161,0,512,0.0,0.0,31.026798834254777,0.0,0.0,0.0
blk0_spa/state,162,0,8192,0.0,0.0,1.3418722369889156,0.0,0.0,0.0
blk0_spa/c_readout,162,0,512,0.0,0.0,0.6185088939410641,0.0,0.0,0.0
blk0_spa/d_path,162,0,512,0.0,0.0,22.9354259459915,0.0,0.0,0.0
blk0_spa/readout,162,0,512,0.0,0.0,29.368814545146453,0.0,0.0,0.0
blk0_spa/state,163,0,8192,0.0,0.0,1.3501258235983564,0.0,0.0,0.0
blk0_spa/c_readout,163,0,512,0.0,0.0,0.7432466331367465,0.0,0.0,0.0
blk0_spa/d_path,163,0,512,0.0,0.0,22.22618455519852,0.0,0.0,0.0
blk0_spa/readout,163,0,512,0.0,0.0,29.63312862505755,0.0,0.0,0.0
blk0_spa/state,164,0,8192,0.0,0.0,1.340719178060206,0.0,0.0,0.0
blk0_spa/c_readout,164,0,512,0.0,0.0,0.722631840451109,0.0,0.0,0.0
blk0_spa/d_path,164,0,512,0.0,0.0,21.02480353024444,0.0,0.0,0.0
blk0_spa/readout,164,0,512,0.0,0.0,28.13786607401029,0.0,0.0,0.0
blk0_spa/state,165,0,8192,0.0,0.0,1.3608916916131304,0.0,0.0,0.0
blk0_spa/c_readout,165,0,512,0.0,0.0,0.6961763995626242,0.0,0.0,0.0
blk0_spa/d_path,165,0,512,0.0,0.0,22.45997457016916,0.0,0.0,0.0
blk0_spa/readout,165,0,512,0.0,0.0,29.546975799808997,0.0,0.0,0.0
blk0_spa/state,166,0,8192,0.0,0.0,1.3585825732734171,0.0,0.0,0.0
blk0_spa/c_readout,166,0,512,0.0,0.0,0.6351624732977584,0.0,0.0,0.0
blk0_spa/d_path,166,0,512,0.0,0.0,21.742758555224928,0.0,0.0,0.0
blk0_spa/readout,166,0,512,0.0,0.0,28.462177431797045,0.0,0.0,0.0
blk0_spa/state,167,0,8192,0.0,0.0,1.3311387923138283,0.0,0.0,0.0
blk0_spa/c_readout,167,0,512,0.0,0.0,0.6408024314662745,0.0,0.0,0.0
blk0_spa/d_path,167,0,512,0.0,0.0,21.105357304817275,0.0,0.0,0.0
blk0_spa/readout,167,0,512,0.0,0.0,27.742824452178983,0.0,0.0,0.0
blk0_spa/state,168,0,8192,0.0,0.0,1.3320220559523093,0.0,0.0,0.0
blk0_spa/c_readout,168,0,512,0.0,0.0,0.7691392108380017,0.0,0.0,0.0
blk0_spa/d_path,168,0,512,0.0,0.0,20.97087187349597,0.0,0.0,0.0
blk0_spa/readout,168,0,512,0.0,0.0,28.3961478345857,0.0,0.0,0.0
blk0_spa/state,169,0,8192,0.0,0.0,1.3473882831873525,0.0,0.0,0.0
blk0_spa/c_readout,169,0,512,0.0,0.0,0.7417218199679405,0.0,0.0,0.0
blk0_spa/d_path,169,0,512,0.0,0.0,20.978193368316195,0.0,0.0,0.0
blk0_spa/readout,169,0,512,0.0,0.0,28.355621929717447,0.0,0.0,0.0
blk0_spa/state,170,0,8192,0.0,0.0,1.34612160827347,0.0,0.0,0.0
blk0_spa/c_readout,170,0,512,0.0,0.0,0.7961328188462524,0.0,0.0,0.0
blk0_spa/d_path,170,0,512,0.0,0.0,21.22544045590154,0.0,0.0,0.0
blk0_spa/readout,170,0,512,0.0,0.0,28.791631014004615,0.0,0.0,0.0
blk0_spa/state,171,0,8192,0.0,0.0,1.379402097351152,0.0,0.0,0.0
blk0_spa/c_readout,171,0,512,0.0,0.0,0.7861204357008988,0.0,0.0,0.0
blk0_spa/d_path,171,0,512,0.0,0.0,23.358234676070584,0.0,0.0,0.0
blk0_spa/readout,171,0,512,0.0,0.0,31.045994633426044,0.0,0.0,0.0
blk0_spa/state,172,0,8192,0.0,0.0,1.3710163557372288,0.0,0.0,0.0
blk0_spa/c_readout,172,0,512,0.0,0.0,0.7415265818389618,0.0,0.0,0.0
blk0_spa/d_path,172,0,512,0.0,0.0,21.914642204027007,0.0,0.0,0.0
blk0_spa/readout,172,0,512,0.0,0.0,29.288181121258674,0.0,0.0,0.0
blk0_spa/state,173,0,8192,0.0,0.0,1.3503009301403621,0.0,0.0,0.0
blk0_spa/c_readout,173,0,512,0.0,0.0,0.7161190041957313,0.0,0.0,0.0
blk0_spa/d_path,173,0,512,0.0,0.0,20.90117993900379,0.0,0.0,0.0
blk0_spa/readout,173,0,512,0.0,0.0,28.0167793164247,0.0,0.0,0.0
blk0_spa/state,174,0,8192,0.0,0.0,1.3475390031567573,0.0,0.0,0.0
blk0_spa/c_readout,174,0,512,0.0,0.0,0.7805351551738797,0.0,0.0,0.0
blk0_spa/d_path,174,0,512,0.0,0.0,21.81427214676074,0.0,0.0,0.0
blk0_spa/readout,174,0,512,0.0,0.0,29.384608037715346,0.0,0.0,0.0
blk0_spa/state,175,0,8192,0.0,0.0,1.3585738774069265,0.0,0.0,0.0
blk0_spa/c_readout,175,0,512,0.0,0.0,0.7304494028870041,0.0,0.0,0.0
blk0_spa/d_path,175,0,512,0.0,0.0,21.782837795174935,0.0,0.0,0.0
blk0_spa/readout,175,0,512,0.0,0.0,29.130047615034442,0.0,0.0,0.0
blk0_spa/state,176,0,8192,0.0,0.0,1.3721925562375539,0.0,0.0,0.0
blk0_spa/c_readout,176,0,512,0.0,0.0,0.8487747276436021,0.0,0.0,0.0
blk0_spa/d_path,176,0,512,0.0,0.0,22.43058534700068,0.0,0.0,0.0
blk0_spa/readout,176,0,512,0.0,0.0,30.359510348919187,0.0,0.0,0.0
blk0_spa/state,177,0,8192,0.0,0.0,1.3854191563419125,0.0,0.0,0.0
blk0_spa/c_readout,177,0,512,0.0,0.0,0.7134819604409123,0.0,0.0,0.0
blk0_spa/d_path,177,0,512,0.0,0.0,24.135569475985776,0.0,0.0,0.0
blk0_spa/readout,177,0,512,0.0,0.0,31.424799827478385,0.0,0.0,0.0
blk0_spa/state,178,0,8192,0.0,0.0,1.374376845384627,0.0,0.0,0.0
blk0_spa/c_readout,178,0,512,0.0,0.0,0.6681241291957306,0.0,0.0,0.0
blk0_spa/d_path,178,0,512,0.0,0.0,21.50149241615493,0.0,0.0,0.0
blk0_spa/readout,178,0,512,0.0,0.0,28.267301498578018,0.0,0.0,0.0
blk0_spa/state,179,0,8192,0.0,0.0,1.3813958127357864,0.0,0.0,0.0
blk0_spa/c_readout,179,0,512,0.0,0.0,0.7556994259077696,0.0,0.0,0.0
blk0_spa/d_path,179,0,512,0.0,0.0,22.00464868608757,0.0,0.0,0.0
blk0_spa/readout,179,0,512,0.0,0.0,29.548521284680042,0.0,0.0,0.0
blk0_spa/state,180,0,8192,0.0,0.0,1.375031375407582,0.0,0.0,0.0
blk0_spa/c_readout,180,0,512,0.0,0.0,0.6877433263599138,0.0,0.0,0.0
blk0_spa/d_path,180,0,512,0.0,0.0,20.529690582150714,0.0,0.0,0.0
blk0_spa/readout,180,0,512,0.0,0.0,27.47691865144109,0.0,0.0,0.0
blk0_spa/state,181,0,8192,0.0,0.0,1.3688561685625755,0.0,0.0,0.0
blk0_spa/c_readout,181,0,512,0.0,0.0,0.6842177951479929,0.0,0.0,0.0
blk0_spa/d_path,181,0,512,0.0,0.0,21.749925317618242,0.0,0.0,0.0
blk0_spa/readout,181,0,512,0.0,0.0,28.875677059712853,0.0,0.0,0.0
blk0_spa/state,182,0,8192,0.0,0.0,1.3854125377415714,0.0,0.0,0.0
blk0_spa/c_readout,182,0,512,0.0,0.0,0.7022933682272556,0.0,0.0,0.0
blk0_spa/d_path,182,0,512,0.0,0.0,21.281778304484792,0.0,0.0,0.0
blk0_spa/readout,182,0,512,0.0,0.0,28.52616960851883,0.0,0.0,0.0
blk0_spa/state,183,0,8192,0.0,0.0,1.386492826447114,0.0,0.0,0.0
blk0_spa/c_readout,183,0,512,0.0,0.0,0.7550304646908175,0.0,0.0,0.0
blk0_spa/d_path,183,0,512,0.0,0.0,21.70843681992266,0.0,0.0,0.0
blk0_spa/readout,183,0,512,0.0,0.0,29.247462984195824,0.0,0.0,0.0
blk0_spa/state,184,0,8192,0.0,0.0,1.410238641441768,0.0,0.0,0.0
blk0_spa/c_readout,184,0,512,0.0,0.0,0.7849848567910226,0.0,0.0,0.0
blk0_spa/d_path,184,0,512,0.0,0.0,22.45198270523759,0.0,0.0,0.0
blk0_spa/readout,184,0,512,0.0,0.0,30.27676151252861,0.0,0.0,0.0
blk0_spa/state,185,0,8192,0.0,0.0,1.4038477931775448,0.0,0.0,0.0
blk0_spa/c_readout,185,0,512,0.0,0.0,0.7208618492288584,0.0,0.0,0.0
blk0_spa/d_path,185,0,512,0.0,0.0,21.873652024843228,0.0,0.0,0.0
blk0_spa/readout,185,0,512,0.0,0.0,29.11908404675027,0.0,0.0,0.0
blk0_spa/state,186,0,8192,0.0,0.0,1.3896999758738988,0.0,0.0,0.0
blk0_spa/c_readout,186,0,512,0.0,0.0,0.7221358929900197,0.0,0.0,0.0
blk0_spa/d_path,186,0,512,0.0,0.0,21.812897222043013,0.0,0.0,0.0
blk0_spa/readout,186,0,512,0.0,0.0,28.79047718922406,0.0,0.0,0.0
blk0_spa/state,187,0,8192,0.0,0.0,1.679329191091279,0.0,0.0,0.0
blk0_spa/c_readout,187,0,512,0.0,0.0,0.9588015484730443,0.0,0.0,0.0
blk0_spa/d_path,187,0,512,0.0,0.0,41.34978465066472,0.0,0.0,0.0
blk0_spa/readout,187,0,512,0.0,0.0,50.07251290241334,0.0,0.0,0.0
blk0_spa/state,188,0,8192,0.0,0.0,3.4207468547118447,0.0,0.0,0.0
blk0_spa/c_readout,188,0,512,0.0,0.0,14.027412810237863,0.0,0.0,0.0
blk0_spa/d_path,188,0,512,0.0,0.0,58.72366256794747,0.0,0.0,0.0
blk0_spa/readout,188,0,512,0.0,0.0,47.925283638308464,0.0,0.0,0.0
blk0_spa/state,189,0,8192,0.0,0.0,2.7011423450805174,0.0,0.0,0.0
blk0_spa/c_readout,189,0,512,0.0,0.0,1.1328236808599068,0.0,0.0,0.0
blk0_spa/d_path,189,0,512,0.0,0.0,33.170005296980506,0.0,0.0,0.0
blk0_spa/readout,189,0,512,0.0,0.0,38.851383200588785,0.0,0.0,0.0
blk0_spa/state,190,0,8192,0.0,0.0,2.3856956173101658,0.0,0.0,0.0
blk0_spa/c_readout,190,0,512,0.0,0.0,0.8335676173835511,0.0,0.0,0.0
blk0_spa/d_path,190,0,512,0.0,0.0,45.27012659331555,0.0,0.0,0.0
blk0_spa/readout,190,0,512,0.0,0.0,52.315860563335704,0.0,0.0,0.0
blk0_spa/state,191,0,8192,0.0,0.0,2.359557589080364,0.0,0.0,0.0
blk0_spa/c_readout,191,0,512,0.0,0.0,0.7149261981434047,0.0,0.0,0.0
blk0_spa/d_path,191,0,512,0.0,0.0,30.232498114550893,0.0,0.0,0.0
blk0_spa/readout,191,0,512,0.0,0.0,35.7960414463125,0.0,0.0,0.0
blk0_spa/state,192,0,8192,0.0,0.0,2.181169057650035,0.0,0.0,0.0
blk0_spa/c_readout,192,0,512,0.0,0.0,0.931440857389578,0.0,0.0,0.0
blk0_spa/d_path,192,0,512,0.0,0.0,23.802097033894793,0.0,0.0,0.0
blk0_spa/readout,192,0,512,0.0,0.0,32.24411941460586,0.0,0.0,0.0
blk0_spa/state,193,0,8192,0.0,0.0,2.0124869098463463,0.0,0.0,0.0
blk0_spa/c_readout,193,0,512,0.0,0.0,0.728730550770601,0.0,0.0,0.0
blk0_spa/d_path,193,0,512,0.0,0.0,23.441039943058573,0.0,0.0,0.0
blk0_spa/readout,193,0,512,0.0,0.0,30.578663164296096,0.0,0.0,0.0
blk0_spa/state,194,0,8192,0.0,0.0,1.8955513352327718,0.0,0.0,0.0
blk0_spa/c_readout,194,0,512,0.0,0.0,0.874167361324919,0.0,0.0,0.0
blk0_spa/d_path,194,0,512,0.0,0.0,22.916709672112503,0.0,0.0,0.0
blk0_spa/readout,194,0,512,0.0,0.0,30.540203949065145,0.0,0.0,0.0
blk0_spa/state,195,0,8192,0.0,0.0,1.8186237050920064,0.0,0.0,0.0
blk0_spa/c_readout,195,0,512,0.0,0.0,0.7990441065315658,0.0,0.0,0.0
blk0_spa/d_path,195,0,512,0.0,0.0,21.583214920610033,0.0,0.0,0.0
blk0_spa/readout,195,0,512,0.0,0.0,29.149399880130016,0.0,0.0,0.0
blk0_spa/state,196,0,8192,0.0,0.0,1.7581831094704212,0.0,0.0,0.0
blk0_spa/c_readout,196,0,512,0.0,0.0,0.830814079986581,0.0,0.0,0.0
blk0_spa/d_path,196,0,512,0.0,0.0,21.289220061173715,0.0,0.0,0.0
blk0_spa/readout,196,0,512,0.0,0.0,29.062061014647313,0.0,0.0,0.0
blk0_spa/state,197,0,8192,0.0,0.0,1.6940328607816342,0.0,0.0,0.0
blk0_spa/c_readout,197,0,512,0.0,0.0,0.7786461566078384,0.0,0.0,0.0
blk0_spa/d_path,197,0,512,0.0,0.0,21.55040551915386,0.0,0.0,0.0
blk0_spa/readout,197,0,512,0.0,0.0,28.928931361571312,0.0,0.0,0.0
blk0_spa/state,198,0,8192,0.0,0.0,1.6604916455594632,0.0,0.0,0.0
blk0_spa/c_readout,198,0,512,0.0,0.0,0.8141970527602027,0.0,0.0,0.0
blk0_spa/d_path,198,0,512,0.0,0.0,21.610747937784346,0.0,0.0,0.0
blk0_spa/readout,198,0,512,0.0,0.0,29.345511258700384,0.0,0.0,0.0
blk0_spa/state,199,0,8192,0.0,0.0,1.715174599623279,0.0,0.0,0.0
blk0_spa/c_readout,199,0,512,0.0,0.0,0.8436391726598285,0.0,0.0,0.0
blk0_spa/d_path,199,0,512,0.0,0.0,25.020802180982862,0.0,0.0,0.0
blk0_spa/readout,199,0,512,0.0,0.0,33.446933121368914,0.0,0.0,0.0
blk0_spa/state,200,0,8192,0.0,0.0,1.673017158661653,0.0,0.0,0.0
blk0_spa/c_readout,200,0,512,0.0,0.0,0.6646645229288337,0.0,0.0,0.0
blk0_spa/d_path,200,0,512,0.0,0.0,21.941848624216178,0.0,0.0,0.0
blk0_spa/readout,200,0,512,0.0,0.0,28.73281848914945,0.0,0.0,0.0
blk0_spa/state,201,0,8192,0.0,0.0,1.615320951394469,0.0,0.0,0.0
blk0_spa/c_readout,201,0,512,0.0,0.0,0.6981842480425805,0.0,0.0,0.0
blk0_spa/d_path,201,0,512,0.0,0.0,20.439082543191983,0.0,0.0,0.0
blk0_spa/readout,201,0,512,0.0,0.0,27.359845292968956,0.0,0.0,0.0
blk0_spa/state,202,0,8192,0.0,0.0,1.5982746000609642,0.0,0.0,0.0
blk0_spa/c_readout,202,0,512,0.0,0.0,0.7652156542283763,0.0,0.0,0.0
blk0_spa/d_path,202,0,512,0.0,0.0,21.057492574935956,0.0,0.0,0.0
blk0_spa/readout,202,0,512,0.0,0.0,28.375810315173897,0.0,0.0,0.0
blk0_spa/state,203,0,8192,0.0,0.0,1.6675713221500772,0.0,0.0,0.0
blk0_spa/c_readout,203,0,512,0.0,0.0,0.9170886443686856,0.0,0.0,0.0
blk0_spa/d_path,203,0,512,0.0,0.0,25.39375262932206,0.0,0.0,0.0
blk0_spa/readout,203,0,512,0.0,0.0,33.87162512539969,0.0,0.0,0.0
blk0_spa/state,204,0,8192,0.0,0.0,1.919765126392265,0.0,0.0,0.0
blk0_spa/c_readout,204,0,512,0.0,0.0,0.7205916901688226,0.0,0.0,0.0
blk0_spa/d_path,204,0,512,0.0,0.0,31.503502403815563,0.0,0.0,0.0
blk0_spa/readout,204,0,512,0.0,0.0,37.519881949091484,0.0,0.0,0.0
blk0_spa/state,205,0,8192,0.0,0.0,1.8083835338715208,0.0,0.0,0.0
blk0_spa/c_readout,205,0,512,0.0,0.0,0.7035409445874403,0.0,0.0,0.0
blk0_spa/d_path,205,0,512,0.0,0.0,24.01584719990235,0.0,0.0,0.0
blk0_spa/readout,205,0,512,0.0,0.0,31.163994371640392,0.0,0.0,0.0
blk0_spa/state,206,0,8192,0.0,0.0,1.738588152796599,0.0,0.0,0.0
blk0_spa/c_readout,206,0,512,0.0,0.0,0.78574166790805,0.0,0.0,0.0
blk0_spa/d_path,206,0,512,0.0,0.0,26.34700962216015,0.0,0.0,0.0
blk0_spa/readout,206,0,512,0.0,0.0,34.020699742710285,0.0,0.0,0.0
blk0_spa/state,207,0,8192,0.0,0.0,1.7506567358557246,0.0,0.0,0.0
blk0_spa/c_readout,207,0,512,0.0,0.0,0.731621852721406,0.0,0.0,0.0
blk0_spa/d_path,207,0,512,0.0,0.0,24.022979739292126,0.0,0.0,0.0
blk0_spa/readout,207,0,512,0.0,0.0,31.537276668933316,0.0,0.0,0.0
blk0_spa/state,208,0,8192,0.0,0.0,1.7445026483744848,0.0,0.0,0.0
blk0_spa/c_readout,208,0,512,0.0,0.0,0.933759477374209,0.0,0.0,0.0
blk0_spa/d_path,208,0,512,0.0,0.0,23.455253320126708,0.0,0.0,0.0
blk0_spa/readout,208,0,512,0.0,0.0,31.93605609439671,0.0,0.0,0.0
blk0_spa/state,209,0,8192,0.0,0.0,1.7103782612641656,0.0,0.0,0.0
blk0_spa/c_readout,209,0,512,0.0,0.0,0.7743318816254974,0.0,0.0,0.0
blk0_spa/d_path,209,0,512,0.0,0.0,24.173019216388465,0.0,0.0,0.0
blk0_spa/readout,209,0,512,0.0,0.0,31.69643337134076,0.0,0.0,0.0
blk0_spa/state,210,0,8192,0.0,0.0,1.6862781767856199,0.0,0.0,0.0
blk0_spa/c_readout,210,0,512,0.0,0.0,0.7044318942563567,0.0,0.0,0.0
blk0_spa/d_path,210,0,512,0.0,0.0,22.41951717868009,0.0,0.0,0.0
blk0_spa/readout,210,0,512,0.0,0.0,29.123892636428252,0.0,0.0,0.0
blk0_spa/state,211,0,8192,0.0,0.0,1.6745836235024947,0.0,0.0,0.0
blk0_spa/c_readout,211,0,512,0.0,0.0,0.8534897766367806,0.0,0.0,0.0
blk0_spa/d_path,211,0,512,0.0,0.0,22.002190982333303,0.0,0.0,0.0
blk0_spa/readout,211,0,512,0.0,0.0,29.975665679840592,0.0,0.0,0.0
blk0_spa/state,212,0,8192,0.0,0.0,1.6281211732553407,0.0,0.0,0.0
blk0_spa/c_readout,212,0,512,0.0,0.0,0.7092563428610296,0.0,0.0,0.0
blk0_spa/d_path,212,0,512,0.0,0.0,20.535929333692298,0.0,0.0,0.0
blk0_spa/readout,212,0,512,0.0,0.0,27.550983138140555,0.0,0.0,0.0
blk0_spa/state,213,0,8192,0.0,0.0,1.5917073023578765,0.0,0.0,0.0
blk0_spa/c_readout,213,0,512,0.0,0.0,0.8332346153574629,0.0,0.0,0.0
blk0_spa/d_path,213,0,512,0.0,0.0,21.30059760495339,0.0,0.0,0.0
blk0_spa/readout,213,0,512,0.0,0.0,29.05711755152482,0.0,0.0,0.0
blk0_spa/state,214,0,8192,0.0,0.0,1.5813278033136067,0.0,0.0,0.0
blk0_spa/c_readout,214,0,512,0.0,0.0,0.8040537742456534,0.0,0.0,0.0
blk0_spa/d_path,214,0,512,0.0,0.0,22.519216836953632,0.0,0.0,0.0
blk0_spa/readout,214,0,512,0.0,0.0,30.399261831712916,0.0,0.0,0.0
blk0_spa/state,215,0,8192,0.0,0.0,1.5986182400647968,0.0,0.0,0.0
blk0_spa/c_readout,215,0,512,0.0,0.0,0.7946279229654649,0.0,0.0,0.0
blk0_spa/d_path,215,0,512,0.0,0.0,22.49386659800315,0.0,0.0,0.0
blk0_spa/readout,215,0,512,0.0,0.0,30.376880002726683,0.0,0.0,0.0
blk0_spa/state,216,0,8192,0.0,0.0,1.5731843305005078,0.0,0.0,0.0
blk0_spa/c_readout,216,0,512,0.0,0.0,0.6646889310063864,0.0,0.0,0.0
blk0_spa/d_path,216,0,512,0.0,0.0,20.363753488322793,0.0,0.0,0.0
blk0_spa/readout,216,0,512,0.0,0.0,27.24518201510537,0.0,0.0,0.0
blk0_spa/state,217,0,8192,0.0,0.0,1.5562271913021637,0.0,0.0,0.0
blk0_spa/c_readout,217,0,512,0.0,0.0,0.7287203248336469,0.0,0.0,0.0
blk0_spa/d_path,217,0,512,0.0,0.0,20.912935608191745,0.0,0.0,0.0
blk0_spa/readout,217,0,512,0.0,0.0,28.195580368861112,0.0,0.0,0.0
blk0_spa/state,218,0,8192,0.0,0.0,1.558281779241896,0.0,0.0,0.0
blk0_spa/c_readout,218,0,512,0.0,0.0,0.7204404515135517,0.0,0.0,0.0
blk0_spa/d_path,218,0,512,0.0,0.0,22.250194268473688,0.0,0.0,0.0
blk0_spa/readout,218,0,512,0.0,0.0,29.533999510171903,0.0,0.0,0.0
blk0_spa/state,219,0,8192,0.0,0.0,1.566253422598582,0.0,0.0,0.0
blk0_spa/c_readout,219,0,512,0.0,0.0,0.7703445410592833,0.0,0.0,0.0
blk0_spa/d_path,219,0,512,0.0,0.0,21.285095399795438,0.0,0.0,0.0
blk0_spa/readout,219,0,512,0.0,0.0,28.874338052964493,0.0,0.0,0.0
blk0_spa/state,220,0,8192,0.0,0.0,1.6239540953087346,0.0,0.0,0.0
blk0_spa/c_readout,220,0,512,0.0,0.0,0.7518921475444722,0.0,0.0,0.0
blk0_spa/d_path,220,0,512,0.0,0.0,23.586267153386185,0.0,0.0,0.0
blk0_spa/readout,220,0,512,0.0,0.0,31.3744810547009,0.0,0.0,0.0
blk0_spa/state,221,0,8192,0.0,0.0,1.6058288478093425,0.0,0.0,0.0
blk0_spa/c_readout,221,0,512,0.0,0.0,0.7495212336647858,0.0,0.0,0.0
blk0_spa/d_path,221,0,512,0.0,0.0,22.15118202029747,0.0,0.0,0.0
blk0_spa/readout,221,0,512,0.0,0.0,29.640262414621898,0.0,0.0,0.0
blk0_spa/state,222,0,8192,0.0,0.0,1.5674160696434365,0.0,0.0,0.0
blk0_spa/c_readout,222,0,512,0.0,0.0,0.7255046945009448,0.0,0.0,0.0
blk0_spa/d_path,222,0,512,0.0,0.0,22.20856817598374,0.0,0.0,0.0
blk0_spa/readout,222,0,512,0.0,0.0,29.458862128666986,0.0,0.0,0.0
blk0_spa/state,223,0,8192,0.0,0.0,1.5729892980521258,0.0,0.0,0.0
blk0_spa/c_readout,223,0,512,0.0,0.0,0.8372356223322308,0.0,0.0,0.0
blk0_spa/d_path,223,0,512,0.0,0.0,22.772066802658202,0.0,0.0,0.0
blk0_spa/readout,223,0,512,0.0,0.0,30.879942446342813,0.0,0.0,0.0
blk0_spa/state,224,0,8192,0.0,0.0,1.5975568179969786,0.0,0.0,0.0
blk0_spa/c_readout,224,0,512,0.0,0.0,0.9617891532570958,0.0,0.0,0.0
blk0_spa/d_path,224,0,512,0.0,0.0,21.670866864411597,0.0,0.0,0.0
blk0_spa/readout,224,0,512,0.0,0.0,30.194412010914387,0.0,0.0,0.0
blk0_spa/state,225,0,8192,0.0,0.0,1.5876967749506559,0.0,0.0,0.0
blk0_spa/c_readout,225,0,512,0.0,0.0,0.7961337460247129,0.0,0.0,0.0
blk0_spa/d_path,225,0,512,0.0,0.0,23.40377927773776,0.0,0.0,0.0
blk0_spa/readout,225,0,512,0.0,0.0,31.059625859188504,0.0,0.0,0.0
blk0_spa/state,226,0,8192,0.0,0.0,1.5822611188117581,0.0,0.0,0.0
blk0_spa/c_readout,226,0,512,0.0,0.0,0.6917009463686197,0.0,0.0,0.0
blk0_spa/d_path,226,0,512,0.0,0.0,22.60195344476246,0.0,0.0,0.0
blk0_spa/readout,226,0,512,0.0,0.0,29.441493803381505,0.0,0.0,0.0
blk0_spa/state,227,0,8192,0.0,0.0,1.5631730785029596,0.0,0.0,0.0
blk0_spa/c_readout,227,0,512,0.0,0.0,0.8014073756140624,0.0,0.0,0.0
blk0_spa/d_path,227,0,512,0.0,0.0,21.56644067154175,0.0,0.0,0.0
blk0_spa/readout,227,0,512,0.0,0.0,29.232883426090687,0.0,0.0,0.0
blk0_spa/state,228,0,8192,0.0,0.0,1.543892698012222,0.0,0.0,0.0
blk0_spa/c_readout,228,0,512,0.0,0.0,0.8190989790492582,0.0,0.0,0.0
blk0_spa/d_path,228,0,512,0.0,0.0,20.67093043845594,0.0,0.0,0.0
blk0_spa/readout,228,0,512,0.0,0.0,28.418282596066806,0.0,0.0,0.0
blk0_spa/state,229,0,8192,0.0,0.0,1.5430906691971646,0.0,0.0,0.0
blk0_spa/c_readout,229,0,512,0.0,0.0,0.8020617874540009,0.0,0.0,0.0
blk0_spa/d_path,229,0,512,0.0,0.0,21.949496669261226,0.0,0.0,0.0
blk0_spa/readout,229,0,512,0.0,0.0,29.924802890572717,0.0,0.0,0.0
blk0_spa/state,230,0,8192,0.0,0.0,1.5248164347706066,0.0,0.0,0.0
blk0_spa/c_readout,230,0,512,0.0,0.0,0.8134232874951888,0.0,0.0,0.0
blk0_spa/d_path,230,0,512,0.0,0.0,21.923063561879466,0.0,0.0,0.0
blk0_spa/readout,230,0,512,0.0,0.0,29.871293829577006,0.0,0.0,0.0
blk0_spa/state,231,0,8192,0.0,0.0,1.5120484967850536,0.0,0.0,0.0
blk0_spa/c_readout,231,0,512,0.0,0.0,0.7729670410963079,0.0,0.0,0.0
blk0_spa/d_path,231,0,512,0.0,0.0,21.953930783115595,0.0,0.0,0.0
blk0_spa/readout,231,0,512,0.0,0.0,29.670538692977008,0.0,0.0,0.0
blk0_spa/state,232,0,8192,0.0,0.0,1.532453843509935,0.0,0.0,0.0
blk0_spa/c_readout,232,0,512,0.0,0.0,0.8886430855157219,0.0,0.0,0.0
blk0_spa/d_path,232,0,512,0.0,0.0,22.165928167181367,0.0,0.0,0.0
blk0_spa/readout,232,0,512,0.0,0.0,30.650273447924548,0.0,0.0,0.0
blk0_spa/state,233,0,8192,0.0,0.0,1.5660284377000906,0.0,0.0,0.0
blk0_spa/c_readout,233,0,512,0.0,0.0,0.7540143979008904,0.0,0.0,0.0
blk0_spa/d_path,233,0,512,0.0,0.0,22.67004692127455,0.0,0.0,0.0
blk0_spa/readout,233,0,512,0.0,0.0,30.484582663367853,0.0,0.0,0.0
blk0_spa/state,234,0,8192,0.0,0.0,1.5342571250136152,0.0,0.0,0.0
blk0_spa/c_readout,234,0,512,0.0,0.0,0.6748441154293613,0.0,0.0,0.0
blk0_spa/d_path,234,0,512,0.0,0.0,20.56095306505237,0.0,0.0,0.0
blk0_spa/readout,234,0,512,0.0,0.0,27.57227450915415,0.0,0.0,0.0
blk0_spa/state,235,0,8192,0.0,0.0,1.5213449067281546,0.0,0.0,0.0
blk0_spa/c_readout,235,0,512,0.0,0.0,0.6741657973725101,0.0,0.0,0.0
blk0_spa/d_path,235,0,512,0.0,0.0,20.788349622185287,0.0,0.0,0.0
blk0_spa/readout,235,0,512,0.0,0.0,27.88168274748871,0.0,0.0,0.0
blk0_spa/state,236,0,8192,0.0,0.0,1.5339891478691676,0.0,0.0,0.0
blk0_spa/c_readout,236,0,512,0.0,0.0,0.8361312136245981,0.0,0.0,0.0
blk0_spa/d_path,236,0,512,0.0,0.0,21.314948510801315,0.0,0.0,0.0
blk0_spa/readout,236,0,512,0.0,0.0,29.40350852134109,0.0,0.0,0.0
blk0_spa/state,237,0,8192,0.0,0.0,1.542935752315435,0.0,0.0,0.0
blk0_spa/c_readout,237,0,512,0.0,0.0,0.7530067975402334,0.0,0.0,0.0
blk0_spa/d_path,237,0,512,0.0,0.0,20.776233076621182,0.0,0.0,0.0
blk0_spa/readout,237,0,512,0.0,0.0,28.31618945574745,0.0,0.0,0.0
blk0_spa/state,238,0,8192,0.0,0.0,1.5550667588256966,0.0,0.0,0.0
blk0_spa/c_readout,238,0,512,0.0,0.0,0.7339493588602118,0.0,0.0,0.0
blk0_spa/d_path,238,0,512,0.0,0.0,20.58953449247749,0.0,0.0,0.0
blk0_spa/readout,238,0,512,0.0,0.0,28.096346888299312,0.0,0.0,0.0
blk0_spa/state,239,0,8192,0.0,0.0,1.5547947881696453,0.0,0.0,0.0
blk0_spa/c_readout,239,0,512,0.0,0.0,0.7971590092196502,0.0,0.0,0.0
blk0_spa/d_path,239,0,512,0.0,0.0,20.266064611685696,0.0,0.0,0.0
blk0_spa/readout,239,0,512,0.0,0.0,27.983707764890376,0.0,0.0,0.0
blk0_spa/state,240,0,8192,0.0,0.0,1.5513296487601478,0.0,0.0,0.0
blk0_spa/c_readout,240,0,512,0.0,0.0,0.914599176931382,0.0,0.0,0.0
blk0_spa/d_path,240,0,512,0.0,0.0,19.790957014490758,0.0,0.0,0.0
blk0_spa/readout,240,0,512,0.0,0.0,27.854096057934886,0.0,0.0,0.0
blk0_spa/state,241,0,8192,0.0,0.0,1.565716209086575,0.0,0.0,0.0
blk0_spa/c_readout,241,0,512,0.0,0.0,0.7778679878407376,0.0,0.0,0.0
blk0_spa/d_path,241,0,512,0.0,0.0,23.120646479806,0.0,0.0,0.0
blk0_spa/readout,241,0,512,0.0,0.0,30.78193767831175,0.0,0.0,0.0
blk0_spa/state,242,0,8192,0.0,0.0,1.5723833463671935,0.0,0.0,0.0
blk0_spa/c_readout,242,0,512,0.0,0.0,0.6786992536936844,0.0,0.0,0.0
blk0_spa/d_path,242,0,512,0.0,0.0,23.33149226337023,0.0,0.0,0.0
blk0_spa/readout,242,0,512,0.0,0.0,30.1335086017279,0.0,0.0,0.0
blk0_spa/state,243,0,8192,0.0,0.0,1.5386808341211138,0.0,0.0,0.0
blk0_spa/c_readout,243,0,512,0.0,0.0,0.8087715977842005,0.0,0.0,0.0
blk0_spa/d_path,243,0,512,0.0,0.0,20.550297356543215,0.0,0.0,0.0
blk0_spa/readout,243,0,512,0.0,0.0,28.180129532764077,0.0,0.0,0.0
blk0_spa/state,244,0,8192,0.0,0.0,1.5339270946849153,0.0,0.0,0.0
blk0_spa/c_readout,244,0,512,0.0,0.0,0.8165080779607446,0.0,0.0,0.0
blk0_spa/d_path,244,0,512,0.0,0.0,21.94569843708104,0.0,0.0,0.0
blk0_spa/readout,244,0,512,0.0,0.0,29.940735421679282,0.0,0.0,0.0
blk0_spa/state,245,0,8192,0.0,0.0,1.5218376915440341,0.0,0.0,0.0
blk0_spa/c_readout,245,0,512,0.0,0.0,0.8244241979715791,0.0,0.0,0.0
blk0_spa/d_path,245,0,512,0.0,0.0,21.810594181950474,0.0,0.0,0.0
blk0_spa/readout,245,0,512,0.0,0.0,29.9174434170789,0.0,0.0,0.0
blk0_spa/state,246,0,8192,0.0,0.0,1.4943473793065227,0.0,0.0,0.0
blk0_spa/c_readout,246,0,512,0.0,0.0,0.7295765752838266,0.0,0.0,0.0
blk0_spa/d_path,246,0,512,0.0,0.0,21.21337532598567,0.0,0.0,0.0
blk0_spa/readout,246,0,512,0.0,0.0,28.688236079995534,0.0,0.0,0.0
blk0_spa/state,247,0,8192,0.0,0.0,1.4862165746488822,0.0,0.0,0.0
blk0_spa/c_readout,247,0,512,0.0,0.0,0.7496880715996399,0.0,0.0,0.0
blk0_spa/d_path,247,0,512,0.0,0.0,21.401036370909747,0.0,0.0,0.0
blk0_spa/readout,247,0,512,0.0,0.0,28.976530781897054,0.0,0.0,0.0
blk0_spa/state,248,0,8192,0.0,0.0,1.51787874818018,0.0,0.0,0.0
blk0_spa/c_readout,248,0,512,0.0,0.0,0.8519400405241868,0.0,0.0,0.0
blk0_spa/d_path,248,0,512,0.0,0.0,23.19492716705881,0.0,0.0,0.0
blk0_spa/readout,248,0,512,0.0,0.0,31.534942017548424,0.0,0.0,0.0
blk0_spa/state,249,0,8192,0.0,0.0,1.5776252008940896,0.0,0.0,0.0
blk0_spa/c_readout,249,0,512,0.0,0.0,0.6679107793071537,0.0,0.0,0.0
blk0_spa/d_path,249,0,512,0.0,0.0,23.49940580168085,0.0,0.0,0.0
blk0_spa/readout,249,0,512,0.0,0.0,30.860751732778972,0.0,0.0,0.0
blk0_spa/state,250,0,8192,0.0,0.0,1.5443936187308056,0.0,0.0,0.0
blk0_spa/c_readout,250,0,512,0.0,0.0,0.6604334748724201,0.0,0.0,0.0
blk0_spa/d_path,250,0,512,0.0,0.0,20.596907570733006,0.0,0.0,0.0
blk0_spa/readout,250,0,512,0.0,0.0,27.557406388237847,0.0,0.0,0.0
blk0_spa/state,251,0,8192,0.0,0.0,1.5147032633298327,0.0,0.0,0.0
blk0_spa/c_readout,251,0,512,0.0,0.0,0.73425209819426,0.0,0.0,0.0
blk0_spa/d_path,251,0,512,0.0,0.0,21.73626188925752,0.0,0.0,0.0
blk0_spa/readout,251,0,512,0.0,0.0,29.2740664610402,0.0,0.0,0.0
blk0_spa/state,252,0,8192,0.0,0.0,1.5324217335063346,0.0,0.0,0.0
blk0_spa/c_readout,252,0,512,0.0,0.0,0.7567015636460979,0.0,0.0,0.0
blk0_spa/d_path,252,0,512,0.0,0.0,21.73710411705058,0.0,0.0,0.0
blk0_spa/readout,252,0,512,0.0,0.0,29.520219040775668,0.0,0.0,0.0
blk0_spa/state,253,0,8192,0.0,0.0,1.537639675110498,0.0,0.0,0.0
blk0_spa/c_readout,253,0,512,0.0,0.0,0.8073552401168356,0.0,0.0,0.0
blk0_spa/d_path,253,0,512,0.0,0.0,20.17858460395816,0.0,0.0,0.0
blk0_spa/readout,253,0,512,0.0,0.0,28.025667544971743,0.0,0.0,0.0
blk0_spa/state,254,0,8192,0.0,0.0,1.5592370070860984,0.0,0.0,0.0
blk0_spa/c_readout,254,0,512,0.0,0.0,0.7516787145554323,0.0,0.0,0.0
blk0_spa/d_path,254,0,512,0.0,0.0,20.164697805996227,0.0,0.0,0.0
blk0_spa/readout,254,0,512,0.0,0.0,27.70297343333201,0.0,0.0,0.0
blk0_spa/state,255,0,8192,0.0,0.0,1.5709665881487385,0.0,0.0,0.0
blk0_spa/c_readout,255,0,512,0.0,0.0,0.774642373571737,0.0,0.0,0.0
blk0_spa/d_path,255,0,512,0.0,0.0,20.76172752636578,0.0,0.0,0.0
blk0_spa/readout,255,0,512,0.0,0.0,28.462448137339315,0.0,0.0,0.0
blk0_spe/state,0,0,524288,0.0,0.0,0.6030932469737429,0.0,0.0,0.0
blk0_spe/c_readout,0,0,32768,0.0,0.0,0.044997184102884565,0.0,0.0,0.0
blk0_spe/d_path,0,0,32768,0.0,0.0,1547.6535849571608,0.0,0.0,0.0
blk0_spe/readout,0,0,32768,0.0,0.0,1559.7862639356758,0.0,0.0,0.0
blk0_spe/state,1,0,524288,0.0,0.0,1.5872370825921092,0.0,0.0,0.0
blk0_spe/c_readout,1,0,32768,0.0,0.0,0.26824353091281183,0.0,0.0,0.0
blk0_spe/d_path,1,0,32768,0.0,0.0,1748.0787242175445,0.0,0.0,0.0
blk0_spe/readout,1,0,32768,0.0,0.0,1754.1954068663158,0.0,0.0,0.0
blk0_spe/state,2,0,524288,0.0,0.0,3.2847260705798944,0.0,0.0,0.0
blk0_spe/c_readout,2,0,32768,0.0,0.0,0.19742955211579435,0.0,0.0,0.0
blk0_spe/d_path,2,0,32768,0.0,0.0,2111.1059359789488,0.0,0.0,0.0
blk0_spe/readout,2,0,32768,0.0,0.0,2129.9320955906132,0.0,0.0,0.0
blk0_spe/state,3,0,524288,0.0,0.0,3.625505556770203,0.0,0.0,0.0
blk0_spe/c_readout,3,0,32768,0.0,0.0,0.2542822588104984,0.0,0.0,0.0
blk0_spe/d_path,3,0,32768,0.0,0.0,1757.6540327151245,0.0,0.0,0.0
blk0_spe/readout,3,0,32768,0.0,0.0,1767.0732566288534,0.0,0.0,0.0
blk1_spa/state,0,0,8192,0.0,0.0,0.05493648934343027,0.0,0.0,0.0
blk1_spa/c_readout,0,0,512,0.0,0.0,0.012480318353769733,0.0,0.0,0.0
blk1_spa/d_path,0,0,512,0.0,0.0,46.3211054722172,0.0,0.0,0.0
blk1_spa/readout,0,0,512,0.0,0.0,47.39706369395651,0.0,0.0,0.0
blk1_spa/state,1,0,8192,0.0,0.0,0.46641286649603747,0.0,0.0,0.0
blk1_spa/c_readout,1,0,512,0.0,0.0,0.150157314106065,0.0,0.0,0.0
blk1_spa/d_path,1,0,512,0.0,0.0,78.23589867439318,0.0,0.0,0.0
blk1_spa/readout,1,0,512,0.0,0.0,77.74223826994137,0.0,0.0,0.0
blk1_spa/state,2,0,8192,0.0,0.0,1.0255488424780956,0.0,0.0,0.0
blk1_spa/c_readout,2,0,512,0.0,0.0,0.17061523996600272,0.0,0.0,0.0
blk1_spa/d_path,2,0,512,0.0,0.0,95.00017619914242,0.0,0.0,0.0
blk1_spa/readout,2,0,512,0.0,0.0,93.49309080367487,0.0,0.0,0.0
blk1_spa/state,3,0,8192,0.0,0.0,1.472118384295214,0.0,0.0,0.0
blk1_spa/c_readout,3,0,512,0.0,0.0,0.12002374001057163,0.0,0.0,0.0
blk1_spa/d_path,3,0,512,0.0,0.0,112.6926747733774,0.0,0.0,0.0
blk1_spa/readout,3,0,512,0.0,0.0,114.02323719041972,0.0,0.0,0.0
blk1_spa/state,4,0,8192,0.0,0.0,2.1576323835292333,0.0,0.0,0.0
blk1_spa/c_readout,4,0,512,0.0,0.0,0.4207923475316556,0.0,0.0,0.0
blk1_spa/d_path,4,0,512,0.0,0.0,118.0361329109121,0.0,0.0,0.0
blk1_spa/readout,4,0,512,0.0,0.0,117.03146326050678,0.0,0.0,0.0
blk1_spa/state,5,0,8192,0.0,0.0,2.9951897908513407,0.0,0.0,0.0
blk1_spa/c_readout,5,0,512,0.0,0.0,1.1646868867384736,0.0,0.0,0.0
blk1_spa/d_path,5,0,512,0.0,0.0,126.33255270472563,0.0,0.0,0.0
blk1_spa/readout,5,0,512,0.0,0.0,125.39704363343117,0.0,0.0,0.0
blk1_spa/state,6,0,8192,0.0,0.0,3.753684529811672,0.0,0.0,0.0
blk1_spa/c_readout,6,0,512,0.0,0.0,0.6390932558950626,0.0,0.0,0.0
blk1_spa/d_path,6,0,512,0.0,0.0,125.5720824979857,0.0,0.0,0.0
blk1_spa/readout,6,0,512,0.0,0.0,128.43274038386056,0.0,0.0,0.0
blk1_spa/state,7,0,8192,0.0,0.0,4.337754063387034,0.0,0.0,0.0
blk1_spa/c_readout,7,0,512,0.0,0.0,0.8882191609612211,0.0,0.0,0.0
blk1_spa/d_path,7,0,512,0.0,0.0,126.52285942728429,0.0,0.0,0.0
blk1_spa/readout,7,0,512,0.0,0.0,129.40866094810883,0.0,0.0,0.0
blk1_spa/state,8,0,8192,0.0,0.0,4.934253067646865,0.0,0.0,0.0
blk1_spa/c_readout,8,0,512,0.0,0.0,0.45018095508649,0.0,0.0,0.0
blk1_spa/d_path,8,0,512,0.0,0.0,126.49976249856826,0.0,0.0,0.0
blk1_spa/readout,8,0,512,0.0,0.0,127.1801208906014,0.0,0.0,0.0
blk1_spa/state,9,0,8192,0.0,0.0,5.5786287022276415,0.0,0.0,0.0
blk1_spa/c_readout,9,0,512,0.0,0.0,1.150965926780359,0.0,0.0,0.0
blk1_spa/d_path,9,0,512,0.0,0.0,125.7693301043684,0.0,0.0,0.0
blk1_spa/readout,9,0,512,0.0,0.0,122.68227978468835,0.0,0.0,0.0
blk1_spa/state,10,0,8192,0.0,0.0,5.964743725385031,0.0,0.0,0.0
blk1_spa/c_readout,10,0,512,0.0,0.0,0.4942320488511346,0.0,0.0,0.0
blk1_spa/d_path,10,0,512,0.0,0.0,119.15260246298014,0.0,0.0,0.0
blk1_spa/readout,10,0,512,0.0,0.0,126.31030450061941,0.0,0.0,0.0
blk1_spa/state,11,0,8192,0.0,0.0,6.290794735273762,0.0,0.0,0.0
blk1_spa/c_readout,11,0,512,0.0,0.0,0.8547974395329792,0.0,0.0,0.0
blk1_spa/d_path,11,0,512,0.0,0.0,119.52042113525866,0.0,0.0,0.0
blk1_spa/readout,11,0,512,0.0,0.0,124.55312920772849,0.0,0.0,0.0
blk1_spa/state,12,0,8192,0.0,0.0,6.900992946341884,0.0,0.0,0.0
blk1_spa/c_readout,12,0,512,0.0,0.0,2.224777730033321,0.0,0.0,0.0
blk1_spa/d_path,12,0,512,0.0,0.0,122.48747911552219,0.0,0.0,0.0
blk1_spa/readout,12,0,512,0.0,0.0,123.59596082220814,0.0,0.0,0.0
blk1_spa/state,13,0,8192,0.0,0.0,7.390316429492176,0.0,0.0,0.0
blk1_spa/c_readout,13,0,512,0.0,0.0,2.2458713990318553,0.0,0.0,0.0
blk1_spa/d_path,13,0,512,0.0,0.0,116.40339488784625,0.0,0.0,0.0
blk1_spa/readout,13,0,512,0.0,0.0,122.21201696738873,0.0,0.0,0.0
blk1_spa/state,14,0,8192,0.0,0.0,7.6489385145125866,0.0,0.0,0.0
blk1_spa/c_readout,14,0,512,0.0,0.0,2.467633779100703,0.0,0.0,0.0
blk1_spa/d_path,14,0,512,0.0,0.0,118.56704161864297,0.0,0.0,0.0
blk1_spa/readout,14,0,512,0.0,0.0,131.39064555314584,0.0,0.0,0.0
blk1_spa/state,15,0,8192,0.0,0.0,7.821933395883914,0.0,0.0,0.0
blk1_spa/c_readout,15,0,512,0.0,0.0,1.367103484997216,0.0,0.0,0.0
blk1_spa/d_path,15,0,512,0.0,0.0,116.0796013978846,0.0,0.0,0.0
blk1_spa/readout,15,0,512,0.0,0.0,124.9159456851877,0.0,0.0,0.0
blk1_spa/state,16,0,8192,0.0,0.0,8.097788872010467,0.0,0.0,0.0
blk1_spa/c_readout,16,0,512,0.0,0.0,1.0363165210049075,0.0,0.0,0.0
blk1_spa/d_path,16,0,512,0.0,0.0,115.85958254450465,0.0,0.0,0.0
blk1_spa/readout,16,0,512,0.0,0.0,124.77383300597454,0.0,0.0,0.0
blk1_spa/state,17,0,8192,0.0,0.0,8.457355735374684,0.0,0.0,0.0
blk1_spa/c_readout,17,0,512,0.0,0.0,1.035286464029014,0.0,0.0,0.0
blk1_spa/d_path,17,0,512,0.0,0.0,118.66214103030072,0.0,0.0,0.0
blk1_spa/readout,17,0,512,0.0,0.0,125.35739441185237,0.0,0.0,0.0
blk1_spa/state,18,0,8192,0.0,0.0,8.95429876284493,0.0,0.0,0.0
blk1_spa/c_readout,18,0,512,0.0,0.0,2.1070379047632466,0.0,0.0,0.0
blk1_spa/d_path,18,0,512,0.0,0.0,120.41904001737768,0.0,0.0,0.0
blk1_spa/readout,18,0,512,0.0,0.0,128.93623171470696,0.0,0.0,0.0
blk1_spa/state,19,0,8192,0.0,0.0,9.560040831264583,0.0,0.0,0.0
blk1_spa/c_readout,19,0,512,0.0,0.0,3.5178926278033593,0.0,0.0,0.0
blk1_spa/d_path,19,0,512,0.0,0.0,131.05932877641868,0.0,0.0,0.0
blk1_spa/readout,19,0,512,0.0,0.0,138.9217935908904,0.0,0.0,0.0
blk1_spa/state,20,0,8192,0.0,0.0,10.05199070367973,0.0,0.0,0.0
blk1_spa/c_readout,20,0,512,0.0,0.0,2.338119222068598,0.0,0.0,0.0
blk1_spa/d_path,20,0,512,0.0,0.0,126.22205481152676,0.0,0.0,0.0
blk1_spa/readout,20,0,512,0.0,0.0,132.33936510484634,0.0,0.0,0.0
blk1_spa/state,21,0,8192,0.0,0.0,10.165813046686795,0.0,0.0,0.0
blk1_spa/c_readout,21,0,512,0.0,0.0,2.674793832897755,0.0,0.0,0.0
blk1_spa/d_path,21,0,512,0.0,0.0,114.59216891969332,0.0,0.0,0.0
blk1_spa/readout,21,0,512,0.0,0.0,130.8962833680981,0.0,0.0,0.0
blk1_spa/state,22,0,8192,0.0,0.0,10.15959953415958,0.0,0.0,0.0
blk1_spa/c_readout,22,0,512,0.0,0.0,3.487513956449276,0.0,0.0,0.0
blk1_spa/d_path,22,0,512,0.0,0.0,111.74146415097832,0.0,0.0,0.0
blk1_spa/readout,22,0,512,0.0,0.0,134.3352433168161,0.0,0.0,0.0
blk1_spa/state,23,0,8192,0.0,0.0,10.091775033665112,0.0,0.0,0.0
blk1_spa/c_readout,23,0,512,0.0,0.0,2.4023267479850468,0.0,0.0,0.0
blk1_spa/d_path,23,0,512,0.0,0.0,109.33741210998163,0.0,0.0,0.0
blk1_spa/readout,23,0,512,0.0,0.0,127.68674332695647,0.0,0.0,0.0
blk1_spa/state,24,0,8192,0.0,0.0,10.424838707587334,0.0,0.0,0.0
blk1_spa/c_readout,24,0,512,0.0,0.0,2.5339167464537735,0.0,0.0,0.0
blk1_spa/d_path,24,0,512,0.0,0.0,117.42443938104198,0.0,0.0,0.0
blk1_spa/readout,24,0,512,0.0,0.0,133.77414356661862,0.0,0.0,0.0
blk1_spa/state,25,0,8192,0.0,0.0,10.918019151170503,0.0,0.0,0.0
blk1_spa/c_readout,25,0,512,0.0,0.0,2.856657443781856,0.0,0.0,0.0
blk1_spa/d_path,25,0,512,0.0,0.0,121.28512803265474,0.0,0.0,0.0
blk1_spa/readout,25,0,512,0.0,0.0,135.51952507748487,0.0,0.0,0.0
blk1_spa/state,26,0,8192,0.0,0.0,11.652230848510435,0.0,0.0,0.0
blk1_spa/c_readout,26,0,512,0.0,0.0,3.1448427567884014,0.0,0.0,0.0
blk1_spa/d_path,26,0,512,0.0,0.0,131.28260066878084,0.0,0.0,0.0
blk1_spa/readout,26,0,512,0.0,0.0,148.0866148260724,0.0,0.0,0.0
blk1_spa/state,27,0,8192,0.0,0.0,12.257051432816235,0.0,0.0,0.0
blk1_spa/c_readout,27,0,512,0.0,0.0,3.6562001309156296,0.0,0.0,0.0
blk1_spa/d_path,27,0,512,0.0,0.0,135.3221020328392,0.0,0.0,0.0
blk1_spa/readout,27,0,512,0.0,0.0,147.74286565939263,0.0,0.0,0.0
blk1_spa/state,28,0,8192,0.0,0.0,12.588385412836656,0.0,0.0,0.0
blk1_spa/c_readout,28,0,512,0.0,0.0,4.321726784381125,0.0,0.0,0.0
blk1_spa/d_path,28,0,512,0.0,0.0,123.63203352241673,0.0,0.0,0.0
blk1_spa/readout,28,0,512,0.0,0.0,143.4505719875835,0.0,0.0,0.0
blk1_spa/state,29,0,8192,0.0,0.0,12.730936392115058,0.0,0.0,0.0
blk1_spa/c_readout,29,0,512,0.0,0.0,3.5371524057977557,0.0,0.0,0.0
blk1_spa/d_path,29,0,512,0.0,0.0,117.92856364300452,0.0,0.0,0.0
blk1_spa/readout,29,0,512,0.0,0.0,140.9974777635077,0.0,0.0,0.0
blk1_spa/state,30,0,8192,0.0,0.0,12.332020982095914,0.0,0.0,0.0
blk1_spa/c_readout,30,0,512,0.0,0.0,4.0900173225674905,0.0,0.0,0.0
blk1_spa/d_path,30,0,512,0.0,0.0,104.79248512862596,0.0,0.0,0.0
blk1_spa/readout,30,0,512,0.0,0.0,128.9812949266173,0.0,0.0,0.0
blk1_spa/state,31,0,8192,0.0,0.0,12.121509646765107,0.0,0.0,0.0
blk1_spa/c_readout,31,0,512,0.0,0.0,5.186792967587667,0.0,0.0,0.0
blk1_spa/d_path,31,0,512,0.0,0.0,104.70443437064485,0.0,0.0,0.0
blk1_spa/readout,31,0,512,0.0,0.0,134.4090475887122,0.0,0.0,0.0
blk1_spa/state,32,0,8192,0.0,0.0,12.333934160473168,0.0,0.0,0.0
blk1_spa/c_readout,32,0,512,0.0,0.0,4.075726610450231,0.0,0.0,0.0
blk1_spa/d_path,32,0,512,0.0,0.0,113.5255809032009,0.0,0.0,0.0
blk1_spa/readout,32,0,512,0.0,0.0,138.60463377745128,0.0,0.0,0.0
blk1_spa/state,33,0,8192,0.0,0.0,12.888012040449068,0.0,0.0,0.0
blk1_spa/c_readout,33,0,512,0.0,0.0,3.700768875367672,0.0,0.0,0.0
blk1_spa/d_path,33,0,512,0.0,0.0,124.97567838309465,0.0,0.0,0.0
blk1_spa/readout,33,0,512,0.0,0.0,145.86218744796142,0.0,0.0,0.0
blk1_spa/state,34,0,8192,0.0,0.0,13.620412410456105,0.0,0.0,0.0
blk1_spa/c_readout,34,0,512,0.0,0.0,5.337773450576426,0.0,0.0,0.0
blk1_spa/d_path,34,0,512,0.0,0.0,134.18481321997973,0.0,0.0,0.0
blk1_spa/readout,34,0,512,0.0,0.0,157.08599081187555,0.0,0.0,0.0
blk1_spa/state,35,0,8192,0.0,0.0,14.061242230762868,0.0,0.0,0.0
blk1_spa/c_readout,35,0,512,0.0,0.0,3.766256233833123,0.0,0.0,0.0
blk1_spa/d_path,35,0,512,0.0,0.0,124.34901977430198,0.0,0.0,0.0
blk1_spa/readout,35,0,512,0.0,0.0,144.48201181868,0.0,0.0,0.0
blk1_spa/state,36,0,8192,0.0,0.0,14.146936648354618,0.0,0.0,0.0
blk1_spa/c_readout,36,0,512,0.0,0.0,3.403219163471103,0.0,0.0,0.0
blk1_spa/d_path,36,0,512,0.0,0.0,119.70205340319873,0.0,0.0,0.0
blk1_spa/readout,36,0,512,0.0,0.0,139.81764399535848,0.0,0.0,0.0
blk1_spa/state,37,0,8192,0.0,0.0,14.078753446943395,0.0,0.0,0.0
blk1_spa/c_readout,37,0,512,0.0,0.0,4.333126437971256,0.0,0.0,0.0
blk1_spa/d_path,37,0,512,0.0,0.0,114.37670430536157,0.0,0.0,0.0
blk1_spa/readout,37,0,512,0.0,0.0,140.14056273438763,0.0,0.0,0.0
blk1_spa/state,38,0,8192,0.0,0.0,14.055454527258735,0.0,0.0,0.0
blk1_spa/c_readout,38,0,512,0.0,0.0,4.48225306689622,0.0,0.0,0.0
blk1_spa/d_path,38,0,512,0.0,0.0,103.51943287243348,0.0,0.0,0.0
blk1_spa/readout,38,0,512,0.0,0.0,130.0939233841327,0.0,0.0,0.0
blk1_spa/state,39,0,8192,0.0,0.0,14.047961826221513,0.0,0.0,0.0
blk1_spa/c_readout,39,0,512,0.0,0.0,7.5991097378750165,0.0,0.0,0.0
blk1_spa/d_path,39,0,512,0.0,0.0,105.59090792838168,0.0,0.0,0.0
blk1_spa/readout,39,0,512,0.0,0.0,147.5910824257961,0.0,0.0,0.0
blk1_spa/state,40,0,8192,0.0,0.0,14.365116479794134,0.0,0.0,0.0
blk1_spa/c_readout,40,0,512,0.0,0.0,6.638280946177829,0.0,0.0,0.0
blk1_spa/d_path,40,0,512,0.0,0.0,117.76775127741757,0.0,0.0,0.0
blk1_spa/readout,40,0,512,0.0,0.0,156.72836420805834,0.0,0.0,0.0
blk1_spa/state,41,0,8192,0.0,0.0,14.544263206076693,0.0,0.0,0.0
blk1_spa/c_readout,41,0,512,0.0,0.0,6.934543013878781,0.0,0.0,0.0
blk1_spa/d_path,41,0,512,0.0,0.0,111.75501902063597,0.0,0.0,0.0
blk1_spa/readout,41,0,512,0.0,0.0,150.13703120660423,0.0,0.0,0.0
blk1_spa/state,42,0,8192,0.0,0.0,14.856556526872142,0.0,0.0,0.0
blk1_spa/c_readout,42,0,512,0.0,0.0,6.368555707163793,0.0,0.0,0.0
blk1_spa/d_path,42,0,512,0.0,0.0,118.80202532666843,0.0,0.0,0.0
blk1_spa/readout,42,0,512,0.0,0.0,153.7524920472301,0.0,0.0,0.0
blk1_spa/state,43,0,8192,0.0,0.0,15.027754765701673,0.0,0.0,0.0
blk1_spa/c_readout,43,0,512,0.0,0.0,5.366622668798343,0.0,0.0,0.0
blk1_spa/d_path,43,0,512,0.0,0.0,112.86075250548758,0.0,0.0,0.0
blk1_spa/readout,43,0,512,0.0,0.0,148.93529947575666,0.0,0.0,0.0
blk1_spa/state,44,0,8192,0.0,0.0,15.177037488384425,0.0,0.0,0.0
blk1_spa/c_readout,44,0,512,0.0,0.0,4.915500413985825,0.0,0.0,0.0
blk1_spa/d_path,44,0,512,0.0,0.0,112.91399524949931,0.0,0.0,0.0
blk1_spa/readout,44,0,512,0.0,0.0,147.49468746982427,0.0,0.0,0.0
blk1_spa/state,45,0,8192,0.0,0.0,15.781090556456725,0.0,0.0,0.0
blk1_spa/c_readout,45,0,512,0.0,0.0,4.453185305569781,0.0,0.0,0.0
blk1_spa/d_path,45,0,512,0.0,0.0,130.38365674305436,0.0,0.0,0.0
blk1_spa/readout,45,0,512,0.0,0.0,158.9495880402051,0.0,0.0,0.0
blk1_spa/state,46,0,8192,0.0,0.0,16.16745542502819,0.0,0.0,0.0
blk1_spa/c_readout,46,0,512,0.0,0.0,5.544739892870751,0.0,0.0,0.0
blk1_spa/d_path,46,0,512,0.0,0.0,126.74157713235448,0.0,0.0,0.0
blk1_spa/readout,46,0,512,0.0,0.0,162.31201217483718,0.0,0.0,0.0
blk1_spa/state,47,0,8192,0.0,0.0,16.426923149697252,0.0,0.0,0.0
blk1_spa/c_readout,47,0,512,0.0,0.0,8.383827872789173,0.0,0.0,0.0
blk1_spa/d_path,47,0,512,0.0,0.0,126.33504603829556,0.0,0.0,0.0
blk1_spa/readout,47,0,512,0.0,0.0,170.374553089686,0.0,0.0,0.0
blk1_spa/state,48,0,8192,0.0,0.0,16.85256338966676,0.0,0.0,0.0
blk1_spa/c_readout,48,0,512,0.0,0.0,6.481667445121881,0.0,0.0,0.0
blk1_spa/d_path,48,0,512,0.0,0.0,134.29932224687573,0.0,0.0,0.0
blk1_spa/readout,48,0,512,0.0,0.0,171.96906986490262,0.0,0.0,0.0
blk1_spa/state,49,0,8192,0.0,0.0,17.133408902022243,0.0,0.0,0.0
blk1_spa/c_readout,49,0,512,0.0,0.0,8.101880170948013,0.0,0.0,0.0
blk1_spa/d_path,49,0,512,0.0,0.0,120.09719840083636,0.0,0.0,0.0
blk1_spa/readout,49,0,512,0.0,0.0,153.12904657662352,0.0,0.0,0.0
blk1_spa/state,50,0,8192,0.0,0.0,17.050415421765372,0.0,0.0,0.0
blk1_spa/c_readout,50,0,512,0.0,0.0,6.923523755409014,0.0,0.0,0.0
blk1_spa/d_path,50,0,512,0.0,0.0,114.43254941392291,0.0,0.0,0.0
blk1_spa/readout,50,0,512,0.0,0.0,153.19989298446814,0.0,0.0,0.0
blk1_spa/state,51,0,8192,0.0,0.0,16.94436875275801,0.0,0.0,0.0
blk1_spa/c_readout,51,0,512,0.0,0.0,4.983116302197693,0.0,0.0,0.0
blk1_spa/d_path,51,0,512,0.0,0.0,110.27409219773314,0.0,0.0,0.0
blk1_spa/readout,51,0,512,0.0,0.0,138.77596105182033,0.0,0.0,0.0
blk1_spa/state,52,0,8192,0.0,0.0,16.943095591756485,0.0,0.0,0.0
blk1_spa/c_readout,52,0,512,0.0,0.0,5.255225506888577,0.0,0.0,0.0
blk1_spa/d_path,52,0,512,0.0,0.0,112.20286435046786,0.0,0.0,0.0
blk1_spa/readout,52,0,512,0.0,0.0,141.93046947636535,0.0,0.0,0.0
blk1_spa/state,53,0,8192,0.0,0.0,16.945161364245976,0.0,0.0,0.0
blk1_spa/c_readout,53,0,512,0.0,0.0,3.872049631946075,0.0,0.0,0.0
blk1_spa/d_path,53,0,512,0.0,0.0,112.88103022806374,0.0,0.0,0.0
blk1_spa/readout,53,0,512,0.0,0.0,141.70891411458308,0.0,0.0,0.0
blk1_spa/state,54,0,8192,0.0,0.0,17.53583035824233,0.0,0.0,0.0
blk1_spa/c_readout,54,0,512,0.0,0.0,3.5649626253548554,0.0,0.0,0.0
blk1_spa/d_path,54,0,512,0.0,0.0,122.40799444365989,0.0,0.0,0.0
blk1_spa/readout,54,0,512,0.0,0.0,150.02256483376283,0.0,0.0,0.0
blk1_spa/state,55,0,8192,0.0,0.0,17.60419219051314,0.0,0.0,0.0
blk1_spa/c_readout,55,0,512,0.0,0.0,5.842399635659249,0.0,0.0,0.0
blk1_spa/d_path,55,0,512,0.0,0.0,117.39385950776425,0.0,0.0,0.0
blk1_spa/readout,55,0,512,0.0,0.0,151.89059304604027,0.0,0.0,0.0
blk1_spa/state,56,0,8192,0.0,0.0,17.953527370660776,0.0,0.0,0.0
blk1_spa/c_readout,56,0,512,0.0,0.0,6.6402159641360505,0.0,0.0,0.0
blk1_spa/d_path,56,0,512,0.0,0.0,121.40516719994234,0.0,0.0,0.0
blk1_spa/readout,56,0,512,0.0,0.0,158.81023758215343,0.0,0.0,0.0
blk1_spa/state,57,0,8192,0.0,0.0,18.550448093360433,0.0,0.0,0.0
blk1_spa/c_readout,57,0,512,0.0,0.0,12.190923802938947,0.0,0.0,0.0
blk1_spa/d_path,57,0,512,0.0,0.0,119.82003307989429,0.0,0.0,0.0
blk1_spa/readout,57,0,512,0.0,0.0,159.17826354558287,0.0,0.0,0.0
blk1_spa/state,58,0,8192,0.0,0.0,18.2115154245134,0.0,0.0,0.0
blk1_spa/c_readout,58,0,512,0.0,0.0,11.870330857350766,0.0,0.0,0.0
blk1_spa/d_path,58,0,512,0.0,0.0,114.6436762260198,0.0,0.0,0.0
blk1_spa/readout,58,0,512,0.0,0.0,173.79140903878556,0.0,0.0,0.0
blk1_spa/state,59,0,8192,0.0,0.0,18.390083789235064,0.0,0.0,0.0
blk1_spa/c_readout,59,0,512,0.0,0.0,8.127911105308964,0.0,0.0,0.0
blk1_spa/d_path,59,0,512,0.0,0.0,117.05618627986176,0.0,0.0,0.0
blk1_spa/readout,59,0,512,0.0,0.0,165.94479945872922,0.0,0.0,0.0
blk1_spa/state,60,0,8192,0.0,0.0,18.501719105831295,0.0,0.0,0.0
blk1_spa/c_readout,60,0,512,0.0,0.0,8.333568935225507,0.0,0.0,0.0
blk1_spa/d_path,60,0,512,0.0,0.0,116.01009306216405,0.0,0.0,0.0
blk1_spa/readout,60,0,512,0.0,0.0,165.97163081180577,0.0,0.0,0.0
blk1_spa/state,61,0,8192,0.0,0.0,18.637462221892992,0.0,0.0,0.0
blk1_spa/c_readout,61,0,512,0.0,0.0,5.342603213044433,0.0,0.0,0.0
blk1_spa/d_path,61,0,512,0.0,0.0,111.31769170813772,0.0,0.0,0.0
blk1_spa/readout,61,0,512,0.0,0.0,148.34632331098888,0.0,0.0,0.0
blk1_spa/state,62,0,8192,0.0,0.0,18.93196588734062,0.0,0.0,0.0
blk1_spa/c_readout,62,0,512,0.0,0.0,5.736387361418096,0.0,0.0,0.0
blk1_spa/d_path,62,0,512,0.0,0.0,115.50249857394047,0.0,0.0,0.0
blk1_spa/readout,62,0,512,0.0,0.0,155.6640494898473,0.0,0.0,0.0
blk1_spa/state,63,0,8192,0.0,0.0,19.355766315443283,0.0,0.0,0.0
blk1_spa/c_readout,63,0,512,0.0,0.0,7.194264996624847,0.0,0.0,0.0
blk1_spa/d_path,63,0,512,0.0,0.0,116.01670772082878,0.0,0.0,0.0
blk1_spa/readout,63,0,512,0.0,0.0,157.78811228884817,0.0,0.0,0.0
blk1_spe/state,0,0,131072,0.0,0.0,0.3910218713716773,0.0,0.0,0.0
blk1_spe/c_readout,0,0,8192,0.0,0.0,0.3010317347490851,0.0,0.0,0.0
blk1_spe/d_path,0,0,8192,0.0,0.0,617.8642829501226,0.0,0.0,0.0
blk1_spe/readout,0,0,8192,0.0,0.0,595.0944788011778,0.0,0.0,0.0
blk1_spe/state,1,0,131072,0.0,0.0,1.4274029986527872,0.0,0.0,0.0
blk1_spe/c_readout,1,0,8192,0.0,0.0,1.4369429294791107,0.0,0.0,0.0
blk1_spe/d_path,1,0,8192,0.0,0.0,688.5342205947334,0.0,0.0,0.0
blk1_spe/readout,1,0,8192,0.0,0.0,638.204619903129,0.0,0.0,0.0
blk1_spe/state,2,0,131072,0.0,0.0,3.9384657949087694,0.0,0.0,0.0
blk1_spe/c_readout,2,0,8192,0.0,0.0,7.590356230693527,0.0,0.0,0.0
blk1_spe/d_path,2,0,8192,0.0,0.0,849.9584373501255,0.0,0.0,0.0
blk1_spe/readout,2,0,8192,0.0,0.0,730.2155404644932,0.0,0.0,0.0
blk1_spe/state,3,0,131072,0.0,0.0,6.983656809879342,0.0,0.0,0.0
blk1_spe/c_readout,3,0,8192,0.0,0.0,9.201830795680427,0.0,0.0,0.0
blk1_spe/d_path,3,0,8192,0.0,0.0,1147.0644633406237,0.0,0.0,0.0
blk1_spe/readout,3,0,8192,0.0,0.0,985.2378802657902,0.0,0.0,0.0
blk2_spa/state,0,0,8192,0.0,0.0,0.7340452860434918,0.0,0.0,0.0
blk2_spa/c_readout,0,0,512,0.0,0.0,2.4890527702647396,0.0,0.0,0.0
blk2_spa/d_path,0,0,512,0.0,0.0,142.6007476072453,0.0,0.0,0.0
blk2_spa/readout,0,0,512,0.0,0.0,127.71773460357383,0.0,0.0,0.0
blk2_spa/state,1,0,8192,0.0,0.0,0.7851648607294917,0.0,0.0,0.0
blk2_spa/c_readout,1,0,512,0.0,0.0,1.1414041517267455,0.0,0.0,0.0
blk2_spa/d_path,1,0,512,0.0,0.0,123.41599901571641,0.0,0.0,0.0
blk2_spa/readout,1,0,512,0.0,0.0,113.85335168799404,0.0,0.0,0.0
blk2_spa/state,2,0,8192,0.0,0.0,2.441208169181468,0.0,0.0,0.0
blk2_spa/c_readout,2,0,512,0.0,0.0,5.356273092642331,0.0,0.0,0.0
blk2_spa/d_path,2,0,512,0.0,0.0,194.1136991274568,0.0,0.0,0.0
blk2_spa/readout,2,0,512,0.0,0.0,164.8644892195441,0.0,0.0,0.0
blk2_spa/state,3,0,8192,0.0,0.0,10.271962262212607,0.0,0.0,0.0
blk2_spa/c_readout,3,0,512,0.0,0.0,20.39067934646643,0.0,0.0,0.0
blk2_spa/d_path,3,0,512,0.0,0.0,357.63115432361474,0.0,0.0,0.0
blk2_spa/readout,3,0,512,0.0,0.0,272.6961826025005,0.0,0.0,0.0
blk2_spa/state,4,0,8192,0.0,0.0,19.993547493515198,0.0,0.0,0.0
blk2_spa/c_readout,4,0,512,0.0,0.0,38.02887578201239,0.0,0.0,0.0
blk2_spa/d_path,4,0,512,0.0,0.0,384.7045230511577,0.0,0.0,0.0
blk2_spa/readout,4,0,512,0.0,0.0,276.79995303135,0.0,0.0,0.0
blk2_spa/state,5,0,8192,0.0,0.0,23.769149864524913,0.0,0.0,0.0
blk2_spa/c_readout,5,0,512,0.0,0.0,34.4148900887731,0.0,0.0,0.0
blk2_spa/d_path,5,0,512,0.0,0.0,365.4437123813658,0.0,0.0,0.0
blk2_spa/readout,5,0,512,0.0,0.0,253.6989131354757,0.0,0.0,0.0
blk2_spa/state,6,0,8192,0.0,0.0,27.810119284203196,0.0,0.0,0.0
blk2_spa/c_readout,6,0,512,0.0,0.0,42.17431146367265,0.0,0.0,0.0
blk2_spa/d_path,6,0,512,0.0,0.0,363.0792371542168,0.0,0.0,0.0
blk2_spa/readout,6,0,512,0.0,0.0,258.4075072815323,0.0,0.0,0.0
blk2_spa/state,7,0,8192,0.0,0.0,27.49285841149363,0.0,0.0,0.0
blk2_spa/c_readout,7,0,512,0.0,0.0,19.34219660861152,0.0,0.0,0.0
blk2_spa/d_path,7,0,512,0.0,0.0,312.7126758087812,0.0,0.0,0.0
blk2_spa/readout,7,0,512,0.0,0.0,233.22951036440378,0.0,0.0,0.0
blk2_spa/state,8,0,8192,0.0,0.0,35.01779462211629,0.0,0.0,0.0
blk2_spa/c_readout,8,0,512,0.0,0.0,50.133812030936376,0.0,0.0,0.0
blk2_spa/d_path,8,0,512,0.0,0.0,381.2457001238336,0.0,0.0,0.0
blk2_spa/readout,8,0,512,0.0,0.0,240.69990836370349,0.0,0.0,0.0
blk2_spa/state,9,0,8192,0.0,0.0,37.82216596390157,0.0,0.0,0.0
blk2_spa/c_readout,9,0,512,0.0,0.0,36.43447596197832,0.0,0.0,0.0
blk2_spa/d_path,9,0,512,0.0,0.0,348.91604146159557,0.0,0.0,0.0
blk2_spa/readout,9,0,512,0.0,0.0,233.27654302890787,0.0,0.0,0.0
blk2_spa/state,10,0,8192,0.0,0.0,42.08075790755566,0.0,0.0,0.0
blk2_spa/c_readout,10,0,512,0.0,0.0,40.45706846741762,0.0,0.0,0.0
blk2_spa/d_path,10,0,512,0.0,0.0,361.40150423176686,0.0,0.0,0.0
blk2_spa/readout,10,0,512,0.0,0.0,236.02135970965455,0.0,0.0,0.0
blk2_spa/state,11,0,8192,0.0,0.0,41.454301872163995,0.0,0.0,0.0
blk2_spa/c_readout,11,0,512,0.0,0.0,29.853648425263657,0.0,0.0,0.0
blk2_spa/d_path,11,0,512,0.0,0.0,320.4437127874371,0.0,0.0,0.0
blk2_spa/readout,11,0,512,0.0,0.0,212.2309962609608,0.0,0.0,0.0
blk2_spa/state,12,0,8192,0.0,0.0,44.95689364836914,0.0,0.0,0.0
blk2_spa/c_readout,12,0,512,0.0,0.0,29.53082289287974,0.0,0.0,0.0
blk2_spa/d_path,12,0,512,0.0,0.0,321.6032045642106,0.0,0.0,0.0
blk2_spa/readout,12,0,512,0.0,0.0,215.0930474109575,0.0,0.0,0.0
blk2_spa/state,13,0,8192,0.0,0.0,45.93685085437632,0.0,0.0,0.0
blk2_spa/c_readout,13,0,512,0.0,0.0,37.62864500904398,0.0,0.0,0.0
blk2_spa/d_path,13,0,512,0.0,0.0,326.6058329268997,0.0,0.0,0.0
blk2_spa/readout,13,0,512,0.0,0.0,211.57256107619216,0.0,0.0,0.0
blk2_spa/state,14,0,8192,0.0,0.0,45.70661856423319,0.0,0.0,0.0
blk2_spa/c_readout,14,0,512,0.0,0.0,43.272357264908706,0.0,0.0,0.0
blk2_spa/d_path,14,0,512,0.0,0.0,312.3793128246241,0.0,0.0,0.0
blk2_spa/readout,14,0,512,0.0,0.0,221.07618749443338,0.0,0.0,0.0
blk2_spa/state,15,0,8192,0.0,0.0,47.88717783578431,0.0,0.0,0.0
blk2_spa/c_readout,15,0,512,0.0,0.0,32.98731730883652,0.0,0.0,0.0
blk2_spa/d_path,15,0,512,0.0,0.0,324.97577527838484,0.0,0.0,0.0
blk2_spa/readout,15,0,512,0.0,0.0,219.59732464414182,0.0,0.0,0.0
blk2_spe/state,0,0,32768,0.0,0.0,0.2336500090129638,0.0,0.0,0.0
blk2_spe/c_readout,0,0,2048,0.0,0.0,0.036487190240276184,0.0,0.0,0.0
blk2_spe/d_path,0,0,2048,0.0,0.0,204.1701603925024,0.0,0.0,0.0
blk2_spe/readout,0,0,2048,0.0,0.0,200.73610148441313,0.0,0.0,0.0
blk2_spe/state,1,0,32768,0.0,0.0,1.8055300948850348,0.0,0.0,0.0
blk2_spe/c_readout,1,0,2048,0.0,0.0,2.119710301926055,0.0,0.0,0.0
blk2_spe/d_path,1,0,2048,0.0,0.0,603.5224058519522,0.0,0.0,0.0
blk2_spe/readout,1,0,2048,0.0,0.0,567.3830624083005,0.0,0.0,0.0
blk2_spe/state,2,0,32768,0.0,0.0,8.049943914034932,0.0,0.0,0.0
blk2_spe/c_readout,2,0,2048,0.0,0.0,6.631310987729219,0.0,0.0,0.0
blk2_spe/d_path,2,0,2048,0.0,0.0,929.277369229573,0.0,0.0,0.0
blk2_spe/readout,2,0,2048,0.0,0.0,824.8812226836944,0.0,0.0,0.0
blk2_spe/state,3,0,32768,0.0,0.0,38.49829149214909,0.0,0.0,0.0
blk2_spe/c_readout,3,0,2048,0.0,0.0,84.07420948613543,0.0,0.0,0.0
blk2_spe/d_path,3,0,2048,0.0,0.0,1742.1068864874533,0.0,0.0,0.0
blk2_spe/readout,3,0,2048,0.0,0.0,1332.950168451858,0.0,0.0,0.0
