dataset,seed,batch_size,model_kind,backend,scope,clock,median_ms_per_scene,amortized_ms_per_tile,tiles_per_second,p95_ms_per_scene,checkpoint_sha256
UP,0,1,fp32,mamba_ssm_optimized,model_only,wall_clock,1744.709040474845,2.033460420133852,491.77254206608814,1878.5131586308125,0ef0103571b277ff39e7b032e9ac4c67ce991ba67bfed642235a61a1329cfaa8
UP,0,1,fp32,mamba_ssm_optimized,model_only,cuda_events,1743.41943359375,2.0319573818108974,492.1363060817701,1878.4376953125,0ef0103571b277ff39e7b032e9ac4c67ce991ba67bfed642235a61a1329cfaa8
UP,0,1,fp32,mamba_ssm_optimized,full_gpu_pipeline,wall_clock,1838.5076805134304,2.1427828444212476,466.6828477759695,2381.728438625578,0ef0103571b277ff39e7b032e9ac4c67ce991ba67bfed642235a61a1329cfaa8
UP,0,1,fp32,mamba_ssm_optimized,full_gpu_pipeline,cuda_events,1836.73193359375,2.140713209316725,467.1340353522558,2378.1509765625005,0ef0103571b277ff39e7b032e9ac4c67ce991ba67bfed642235a61a1329cfaa8
UP,0,2,fp32,mamba_ssm_optimized,model_only,wall_clock,1018.4228734869976,1.1869730460221417,842.47911386974,1319.3928657565266,0ef0103571b277ff39e7b032e9ac4c67ce991ba67bfed642235a61a1329cfaa8
UP,0,2,fp32,mamba_ssm_optimized,model_only,cuda_events,1016.9881896972656,1.1853009203930835,843.667614523043,1319.2401977539064,0ef0103571b277ff39e7b032e9ac4c67ce991ba67bfed642235a61a1329cfaa8
UP,0,2,fp32,mamba_ssm_optimized,full_gpu_pipeline,wall_clock,973.8076245121192,1.1349739213427963,881.077513055888,1114.2644994077275,0ef0103571b277ff39e7b032e9ac4c67ce991ba67bfed642235a61a1329cfaa8
UP,0,2,fp32,mamba_ssm_optimized,full_gpu_pipeline,cuda_events,973.4512634277344,1.1345585820836066,881.400057953384,1114.1851318359377,0ef0103571b277ff39e7b032e9ac4c67ce991ba67bfed642235a61a1329cfaa8
UP,0,4,fp32,mamba_ssm_optimized,model_only,wall_clock,496.7774930119049,0.5789947471001222,1727.1313859209774,530.5234220199054,0ef0103571b277ff39e7b032e9ac4c67ce991ba67bfed642235a61a1329cfaa8
UP,0,4,fp32,mamba_ssm_optimized,model_only,cuda_events,496.19725036621094,0.5783184736202924,1729.151057098293,528.772137451172,0ef0103571b277ff39e7b032e9ac4c67ce991ba67bfed642235a61a1329cfaa8
UP,0,4,fp32,mamba_ssm_optimized,full_gpu_pipeline,wall_clock,526.3661610078998,0.6134803741350814,1630.0439951479384,610.5409742536722,0ef0103571b277ff39e7b032e9ac4c67ce991ba67bfed642235a61a1329cfaa8
UP,0,4,fp32,mamba_ssm_optimized,full_gpu_pipeline,cuda_events,525.3381652832031,0.6122822439198171,1633.23370868641,610.27373046875,0ef0103571b277ff39e7b032e9ac4c67ce991ba67bfed642235a61a1329cfaa8
UP,0,8,fp32,mamba_ssm_optimized,model_only,wall_clock,254.8246544902213,0.2969984318067847,3367.0211452515678,334.3129105604021,0ef0103571b277ff39e7b032e9ac4c67ce991ba67bfed642235a61a1329cfaa8
UP,0,8,fp32,mamba_ssm_optimized,model_only,cuda_events,254.59098052978513,0.2967260845335491,3370.1115342521757,332.85979614257815,0ef0103571b277ff39e7b032e9ac4c67ce991ba67bfed642235a61a1329cfaa8
UP,0,8,fp32,mamba_ssm_optimized,full_gpu_pipeline,wall_clock,280.5774185108021,0.32701330828764813,3057.979521495125,436.7091745807557,0ef0103571b277ff39e7b032e9ac4c67ce991ba67bfed642235a61a1329cfaa8
UP,0,8,fp32,mamba_ssm_optimized,full_gpu_pipeline,cuda_events,280.45619201660156,0.3268720186673678,3059.3013255674914,436.56049041748054,0ef0103571b277ff39e7b032e9ac4c67ce991ba67bfed642235a61a1329cfaa8
UP,0,16,fp32,mamba_ssm_optimized,model_only,wall_clock,123.25904847239144,0.14365856465313687,6960.949403987828,125.83037466101815,0ef0103571b277ff39e7b032e9ac4c67ce991ba67bfed642235a61a1329cfaa8
UP,0,16,fp32,mamba_ssm_optimized,model_only,cuda_events,122.45004653930664,0.14271567195723384,7006.938945707798,125.45817337036134,0ef0103571b277ff39e7b032e9ac4c67ce991ba67bfed642235a61a1329cfaa8
UP,0,16,fp32,mamba_ssm_optimized,full_gpu_pipeline,wall_clock,133.60909299808554,0.15572155361082232,6421.718617701373,139.98912746319547,0ef0103571b277ff39e7b032e9ac4c67ce991ba67bfed642235a61a1329cfaa8
UP,0,16,fp32,mamba_ssm_optimized,full_gpu_pipeline,cuda_events,133.4461441040039,0.15553163648485305,6429.560072798362,139.90655441284179,0ef0103571b277ff39e7b032e9ac4c67ce991ba67bfed642235a61a1329cfaa8
UP,0,32,fp32,mamba_ssm_optimized,model_only,wall_clock,61.72584849991836,0.07194154836820321,13900.17344194361,72.42215781298,0ef0103571b277ff39e7b032e9ac4c67ce991ba67bfed642235a61a1329cfaa8
UP,0,32,fp32,mamba_ssm_optimized,model_only,cuda_events,61.367809295654304,0.07152425325833835,13981.27144911393,71.40612678527833,0ef0103571b277ff39e7b032e9ac4c67ce991ba67bfed642235a61a1329cfaa8
UP,0,32,fp32,mamba_ssm_optimized,full_gpu_pipeline,wall_clock,72.05369402072392,0.08397866435981809,11907.786431507924,77.88373880030122,0ef0103571b277ff39e7b032e9ac4c67ce991ba67bfed642235a61a1329cfaa8
UP,0,32,fp32,mamba_ssm_optimized,full_gpu_pipeline,cuda_events,71.96006393432616,0.08386953838499552,11923.280123584209,75.99457473754883,0ef0103571b277ff39e7b032e9ac4c67ce991ba67bfed642235a61a1329cfaa8
UP,0,64,fp32,mamba_ssm_optimized,model_only,wall_clock,36.59332150709815,0.042649558866081766,23446.90136514583,60.83524315909017,0ef0103571b277ff39e7b032e9ac4c67ce991ba67bfed642235a61a1329cfaa8
UP,0,64,fp32,mamba_ssm_optimized,model_only,cuda_events,36.437503814697266,0.04246795316398283,23547.16734613201,58.553907585144046,0ef0103571b277ff39e7b032e9ac4c67ce991ba67bfed642235a61a1329cfaa8
UP,0,64,fp32,mamba_ssm_optimized,full_gpu_pipeline,wall_clock,46.87605600338429,0.054634097906042296,18303.587655455813,69.25835445290431,0ef0103571b277ff39e7b032e9ac4c67ce991ba67bfed642235a61a1329cfaa8
UP,0,64,fp32,mamba_ssm_optimized,full_gpu_pipeline,cuda_events,46.76608085632324,0.054505921743966484,18346.630384444325,66.99412117004394,0ef0103571b277ff39e7b032e9ac4c67ce991ba67bfed642235a61a1329cfaa8
HanChuan,0,1,fp32,mamba_ssm_optimized,model_only,wall_clock,3151.6073204984423,2.15420869480413,464.2075776650434,3405.8540885889674,f64a0ebcc2a26fa9e2e40ff0030b06e76831be7f8e94e78af999a37a23776fbf
HanChuan,0,1,fp32,mamba_ssm_optimized,model_only,cuda_events,3150.8848876953125,2.153714892477999,464.3140108714345,3405.824060058594,f64a0ebcc2a26fa9e2e40ff0030b06e76831be7f8e94e78af999a37a23776fbf
HanChuan,0,1,fp32,mamba_ssm_optimized,full_gpu_pipeline,wall_clock,3333.038493525237,2.278221800085603,438.938824991678,5272.527330712182,f64a0ebcc2a26fa9e2e40ff0030b06e76831be7f8e94e78af999a37a23776fbf
HanChuan,0,1,fp32,mamba_ssm_optimized,full_gpu_pipeline,cuda_events,3332.3652343749995,2.277761609278879,439.02750662155205,5272.424462890625,f64a0ebcc2a26fa9e2e40ff0030b06e76831be7f8e94e78af999a37a23776fbf
HanChuan,0,2,fp32,mamba_ssm_optimized,model_only,wall_clock,1631.8043500068597,1.1153823308317565,896.5535604766894,1635.530120585463,f64a0ebcc2a26fa9e2e40ff0030b06e76831be7f8e94e78af999a37a23776fbf
HanChuan,0,2,fp32,mamba_ssm_optimized,model_only,cuda_events,1631.4306640625,1.1151269063995215,896.7589197795982,1635.4210815429688,f64a0ebcc2a26fa9e2e40ff0030b06e76831be7f8e94e78af999a37a23776fbf
HanChuan,0,2,fp32,mamba_ssm_optimized,full_gpu_pipeline,wall_clock,1673.2551270106342,1.1437150560564826,874.3436529094837,1691.9936903810594,f64a0ebcc2a26fa9e2e40ff0030b06e76831be7f8e94e78af999a37a23776fbf
HanChuan,0,2,fp32,mamba_ssm_optimized,full_gpu_pipeline,cuda_events,1672.532958984375,1.1432214347124914,874.7211779242837,1691.9064514160157,f64a0ebcc2a26fa9e2e40ff0030b06e76831be7f8e94e78af999a37a23776fbf
HanChuan,0,4,fp32,mamba_ssm_optimized,model_only,wall_clock,853.4780774789397,0.5833753092815719,1714.1623652730564,890.6251233507646,f64a0ebcc2a26fa9e2e40ff0030b06e76831be7f8e94e78af999a37a23776fbf
HanChuan,0,4,fp32,mamba_ssm_optimized,model_only,cuda_events,853.2879333496094,0.5832453406354131,1714.544344084354,890.3991546630859,f64a0ebcc2a26fa9e2e40ff0030b06e76831be7f8e94e78af999a37a23776fbf
HanChuan,0,4,fp32,mamba_ssm_optimized,full_gpu_pipeline,wall_clock,877.0507560111582,0.5994878715045511,1668.090461096857,907.3400311492151,f64a0ebcc2a26fa9e2e40ff0030b06e76831be7f8e94e78af999a37a23776fbf
HanChuan,0,4,fp32,mamba_ssm_optimized,full_gpu_pipeline,cuda_events,876.853271484375,0.5993528854985475,1668.4661477323002,907.158657836914,f64a0ebcc2a26fa9e2e40ff0030b06e76831be7f8e94e78af999a37a23776fbf
HanChuan,0,8,fp32,mamba_ssm_optimized,model_only,wall_clock,395.62364149605855,0.27041944053045697,3697.9589856350262,407.82046866661403,f64a0ebcc2a26fa9e2e40ff0030b06e76831be7f8e94e78af999a37a23776fbf
HanChuan,0,8,fp32,mamba_ssm_optimized,model_only,cuda_events,394.98597717285156,0.26998357974904413,3703.928960900225,407.70442047119144,f64a0ebcc2a26fa9e2e40ff0030b06e76831be7f8e94e78af999a37a23776fbf
HanChuan,0,8,fp32,mamba_ssm_optimized,full_gpu_pipeline,wall_clock,418.3023255027365,0.285920933357988,3497.470395943159,445.23023641086183,f64a0ebcc2a26fa9e2e40ff0030b06e76831be7f8e94e78af999a37a23776fbf
HanChuan,0,8,fp32,mamba_ssm_optimized,full_gpu_pipeline,cuda_events,417.9645538330078,0.28569005730212427,3500.296823219421,444.12010803222654,f64a0ebcc2a26fa9e2e40ff0030b06e76831be7f8e94e78af999a37a23776fbf
HanChuan,0,16,fp32,mamba_ssm_optimized,model_only,wall_clock,208.43194401822984,0.14246886125647973,7019.077650938396,223.26704209554012,f64a0ebcc2a26fa9e2e40ff0030b06e76831be7f8e94e78af999a37a23776fbf
HanChuan,0,16,fp32,mamba_ssm_optimized,model_only,cuda_events,208.2718734741211,0.1423594487177861,7024.472270768648,223.05919570922856,f64a0ebcc2a26fa9e2e40ff0030b06e76831be7f8e94e78af999a37a23776fbf
HanChuan,0,16,fp32,mamba_ssm_optimized,full_gpu_pipeline,wall_clock,218.79599400563166,0.14955296924513442,6686.594088017641,232.81446784385483,f64a0ebcc2a26fa9e2e40ff0030b06e76831be7f8e94e78af999a37a23776fbf
HanChuan,0,16,fp32,mamba_ssm_optimized,full_gpu_pipeline,cuda_events,218.66342163085938,0.14946235244761405,6690.6480703928155,232.59314727783206,f64a0ebcc2a26fa9e2e40ff0030b06e76831be7f8e94e78af999a37a23776fbf
HanChuan,0,32,fp32,mamba_ssm_optimized,model_only,wall_clock,100.33741799998097,0.06858333424468965,14580.80175035277,114.13194595661481,f64a0ebcc2a26fa9e2e40ff0030b06e76831be7f8e94e78af999a37a23776fbf
HanChuan,0,32,fp32,mamba_ssm_optimized,model_only,cuda_events,100.0074234008789,0.06835777402657478,14628.914037066797,113.59426879882814,f64a0ebcc2a26fa9e2e40ff0030b06e76831be7f8e94e78af999a37a23776fbf
HanChuan,0,32,fp32,mamba_ssm_optimized,full_gpu_pipeline,wall_clock,115.52490905160084,0.07896439443034918,12663.935527069147,139.67163021734453,f64a0ebcc2a26fa9e2e40ff0030b06e76831be7f8e94e78af999a37a23776fbf
HanChuan,0,32,fp32,mamba_ssm_optimized,full_gpu_pipeline,cuda_events,115.04076766967775,0.07863347072431835,12717.230853333527,139.4240867614746,f64a0ebcc2a26fa9e2e40ff0030b06e76831be7f8e94e78af999a37a23776fbf
HanChuan,0,64,fp32,mamba_ssm_optimized,model_only,wall_clock,64.58940749871545,0.04414860389522587,22650.77288453368,69.88792846968863,f64a0ebcc2a26fa9e2e40ff0030b06e76831be7f8e94e78af999a37a23776fbf
HanChuan,0,64,fp32,mamba_ssm_optimized,model_only,cuda_events,63.58732986450195,0.04346365677682977,23007.728160900955,69.72037048339844,f64a0ebcc2a26fa9e2e40ff0030b06e76831be7f8e94e78af999a37a23776fbf
HanChuan,0,64,fp32,mamba_ssm_optimized,full_gpu_pipeline,wall_clock,74.37416253378615,0.0508367481433945,19670.80972959392,80.23091305803973,f64a0ebcc2a26fa9e2e40ff0030b06e76831be7f8e94e78af999a37a23776fbf
HanChuan,0,64,fp32,mamba_ssm_optimized,full_gpu_pipeline,cuda_events,74.07164764404298,0.0506299710485598,19751.14698447859,80.06517486572267,f64a0ebcc2a26fa9e2e40ff0030b06e76831be7f8e94e78af999a37a23776fbf
HongHu,0,1,fp32,mamba_ssm_optimized,model_only,wall_clock,3808.3660375268664,2.1516192302411676,464.76624950406,3976.6305988712706,d1cfafd86d68c04924c73d2b408ddcd9f764310a0fc1f60c3b9b49a22262066b
HongHu,0,1,fp32,mamba_ssm_optimized,model_only,cuda_events,3808.24951171875,2.151553396451271,464.7804705425298,3976.1514404296877,d1cfafd86d68c04924c73d2b408ddcd9f764310a0fc1f60c3b9b49a22262066b
HongHu,0,1,fp32,mamba_ssm_optimized,full_gpu_pipeline,wall_clock,3831.608068489004,2.1647503211802284,461.9470385179558,3908.58807102195,d1cfafd86d68c04924c73d2b408ddcd9f764310a0fc1f60c3b9b49a22262066b
HongHu,0,1,fp32,mamba_ssm_optimized,full_gpu_pipeline,cuda_events,3830.358032226562,2.1640440860037073,462.0977948035606,3908.4487915039062,d1cfafd86d68c04924c73d2b408ddcd9f764310a0fc1f60c3b9b49a22262066b
HongHu,0,2,fp32,mamba_ssm_optimized,model_only,wall_clock,1781.1725064821076,1.0063121505548631,993.7274427707321,1927.4581754638348,d1cfafd86d68c04924c73d2b408ddcd9f764310a0fc1f60c3b9b49a22262066b
HongHu,0,2,fp32,mamba_ssm_optimized,model_only,cuda_events,1778.9050903320312,1.0050311244813737,994.994061020777,1927.049755859375,d1cfafd86d68c04924c73d2b408ddcd9f764310a0fc1f60c3b9b49a22262066b
HongHu,0,2,fp32,mamba_ssm_optimized,full_gpu_pipeline,wall_clock,1842.683180962922,1.0410639440468485,960.5557907545776,1962.3620891507016,d1cfafd86d68c04924c73d2b408ddcd9f764310a0fc1f60c3b9b49a22262066b
HongHu,0,2,fp32,mamba_ssm_optimized,full_gpu_pipeline,cuda_events,1840.3875732421875,1.0397669905323093,961.753940166969,1960.5317504882814,d1cfafd86d68c04924c73d2b408ddcd9f764310a0fc1f60c3b9b49a22262066b
HongHu,0,4,fp32,mamba_ssm_optimized,model_only,wall_clock,916.9645619986113,0.5180590745754866,1930.281794251805,943.4213865315542,d1cfafd86d68c04924c73d2b408ddcd9f764310a0fc1f60c3b9b49a22262066b
HongHu,0,4,fp32,mamba_ssm_optimized,model_only,cuda_events,916.9095764160155,0.518028009274585,1930.3975501254058,943.0922790527344,d1cfafd86d68c04924c73d2b408ddcd9f764310a0fc1f60c3b9b49a22262066b
HongHu,0,4,fp32,mamba_ssm_optimized,full_gpu_pipeline,wall_clock,918.401440983871,0.5188708706123565,1927.2617844586819,984.1953522263793,d1cfafd86d68c04924c73d2b408ddcd9f764310a0fc1f60c3b9b49a22262066b
HongHu,0,4,fp32,mamba_ssm_optimized,full_gpu_pipeline,cuda_events,915.3746032714844,0.5171607928087483,1933.6345947048833,981.8641326904298,d1cfafd86d68c04924c73d2b408ddcd9f764310a0fc1f60c3b9b49a22262066b
HongHu,0,8,fp32,mamba_ssm_optimized,model_only,wall_clock,492.2895835188683,0.27812970820275046,3595.4447529604495,498.7457062350586,d1cfafd86d68c04924c73d2b408ddcd9f764310a0fc1f60c3b9b49a22262066b
HongHu,0,8,fp32,mamba_ssm_optimized,model_only,cuda_events,490.3562316894531,0.27703741903358936,3609.62069127115,498.6646667480469,d1cfafd86d68c04924c73d2b408ddcd9f764310a0fc1f60c3b9b49a22262066b
HongHu,0,8,fp32,mamba_ssm_optimized,full_gpu_pipeline,wall_clock,516.5314314945135,0.29182566751102457,3426.703375782468,533.3091866225004,d1cfafd86d68c04924c73d2b408ddcd9f764310a0fc1f60c3b9b49a22262066b
HongHu,0,8,fp32,mamba_ssm_optimized,full_gpu_pipeline,cuda_events,514.8001251220703,0.29084752831755384,3438.227602567685,531.184848022461,d1cfafd86d68c04924c73d2b408ddcd9f764310a0fc1f60c3b9b49a22262066b
HongHu,0,16,fp32,mamba_ssm_optimized,model_only,wall_clock,245.1014920079615,0.13847541921353756,7221.4982679195855,260.592689018813,d1cfafd86d68c04924c73d2b408ddcd9f764310a0fc1f60c3b9b49a22262066b
HongHu,0,16,fp32,mamba_ssm_optimized,model_only,cuda_events,244.0135726928711,0.13786077553269555,7253.694868144975,260.4304962158203,d1cfafd86d68c04924c73d2b408ddcd9f764310a0fc1f60c3b9b49a22262066b
HongHu,0,16,fp32,mamba_ssm_optimized,full_gpu_pipeline,wall_clock,267.72027151309885,0.15125439068536659,6611.37832408555,275.7436424784828,d1cfafd86d68c04924c73d2b408ddcd9f764310a0fc1f60c3b9b49a22262066b
HongHu,0,16,fp32,mamba_ssm_optimized,full_gpu_pipeline,cuda_events,267.3418273925781,0.15104058044778426,6620.737268324434,273.22763061523443,d1cfafd86d68c04924c73d2b408ddcd9f764310a0fc1f60c3b9b49a22262066b
HongHu,0,32,fp32,mamba_ssm_optimized,model_only,wall_clock,135.19044202985242,0.07637878080782623,13092.641561221857,166.3985335879261,d1cfafd86d68c04924c73d2b408ddcd9f764310a0fc1f60c3b9b49a22262066b
HongHu,0,32,fp32,mamba_ssm_optimized,model_only,cuda_events,134.81420898437503,0.07616621976518363,13129.179878992898,163.31965713500978,d1cfafd86d68c04924c73d2b408ddcd9f764310a0fc1f60c3b9b49a22262066b
HongHu,0,32,fp32,mamba_ssm_optimized,full_gpu_pipeline,wall_clock,148.46368751022965,0.08387778955380205,11922.107214789752,209.85869086289313,d1cfafd86d68c04924c73d2b408ddcd9f764310a0fc1f60c3b9b49a22262066b
HongHu,0,32,fp32,mamba_ssm_optimized,full_gpu_pipeline,cuda_events,148.12876892089844,0.08368857001180703,11949.063054356373,207.48666458129884,d1cfafd86d68c04924c73d2b408ddcd9f764310a0fc1f60c3b9b49a22262066b
HongHu,0,64,fp32,mamba_ssm_optimized,model_only,wall_clock,108.99439099011943,0.06157875197181888,16239.367768571268,154.7865670901956,d1cfafd86d68c04924c73d2b408ddcd9f764310a0fc1f60c3b9b49a22262066b
HongHu,0,64,fp32,mamba_ssm_optimized,model_only,cuda_events,107.71148681640625,0.06085394735390184,16432.78773987177,149.11421432495118,d1cfafd86d68c04924c73d2b408ddcd9f764310a0fc1f60c3b9b49a22262066b
HongHu,0,64,fp32,mamba_ssm_optimized,full_gpu_pipeline,wall_clock,128.72763449558988,0.07272747711615248,13749.96135783602,169.5269964489853,d1cfafd86d68c04924c73d2b408ddcd9f764310a0fc1f60c3b9b49a22262066b
HongHu,0,64,fp32,mamba_ssm_optimized,full_gpu_pipeline,cuda_events,126.77427291870116,0.07162388300491591,13961.823319902454,165.9901420593262,d1cfafd86d68c04924c73d2b408ddcd9f764310a0fc1f60c3b9b49a22262066b
Houston,0,1,fp32,mamba_ssm_optimized,model_only,wall_clock,5345.344169996679,2.0247515795441964,493.8877490467822,5397.4534016044345,a52fafb2a431205f4223926b568ecd88932c58d1f163c5050bf7510b0b2012d3
Houston,0,1,fp32,mamba_ssm_optimized,model_only,cuda_events,5345.093505859375,2.024656631007339,493.91091046508177,5397.31845703125,a52fafb2a431205f4223926b568ecd88932c58d1f163c5050bf7510b0b2012d3
Houston,0,1,fp32,mamba_ssm_optimized,full_gpu_pipeline,wall_clock,5538.001477485523,2.0977278323808797,476.7062650186701,5746.120642928872,a52fafb2a431205f4223926b568ecd88932c58d1f163c5050bf7510b0b2012d3
Houston,0,1,fp32,mamba_ssm_optimized,full_gpu_pipeline,cuda_events,5536.761962890624,2.0972583192767518,476.8129852238966,5745.812963867188,a52fafb2a431205f4223926b568ecd88932c58d1f163c5050bf7510b0b2012d3
Houston,0,2,fp32,mamba_ssm_optimized,model_only,wall_clock,2868.1119455141015,1.0864060399674627,920.466163857069,2998.9674616459524,a52fafb2a431205f4223926b568ecd88932c58d1f163c5050bf7510b0b2012d3
Houston,0,2,fp32,mamba_ssm_optimized,model_only,cuda_events,2868.0233154296875,1.0863724679657907,920.4946088816837,2996.5414428710938,a52fafb2a431205f4223926b568ecd88932c58d1f163c5050bf7510b0b2012d3
Houston,0,2,fp32,mamba_ssm_optimized,full_gpu_pipeline,wall_clock,3015.5450899910647,1.1422519280269186,875.4636131167325,3048.1685818725964,a52fafb2a431205f4223926b568ecd88932c58d1f163c5050bf7510b0b2012d3
Houston,0,2,fp32,mamba_ssm_optimized,full_gpu_pipeline,cuda_events,3012.4815673828125,1.1410915027965198,876.3539098742378,3045.6884277343747,a52fafb2a431205f4223926b568ecd88932c58d1f163c5050bf7510b0b2012d3
Houston,0,4,fp32,mamba_ssm_optimized,model_only,wall_clock,1407.2782185103279,0.533059931253912,1875.9616721664092,1500.3530134708853,a52fafb2a431205f4223926b568ecd88932c58d1f163c5050bf7510b0b2012d3
Houston,0,4,fp32,mamba_ssm_optimized,model_only,cuda_events,1406.9432373046875,0.5329330444335938,1876.4083226680182,1497.9253723144532,a52fafb2a431205f4223926b568ecd88932c58d1f163c5050bf7510b0b2012d3
Houston,0,4,fp32,mamba_ssm_optimized,full_gpu_pipeline,wall_clock,1490.7629825174809,0.5646829479232882,1770.9052552014539,1535.2057031355798,a52fafb2a431205f4223926b568ecd88932c58d1f163c5050bf7510b0b2012d3
Houston,0,4,fp32,mamba_ssm_optimized,full_gpu_pipeline,cuda_events,1489.6010131835938,0.5642428080240885,1772.286657054401,1535.0662658691406,a52fafb2a431205f4223926b568ecd88932c58d1f163c5050bf7510b0b2012d3
Houston,0,8,fp32,mamba_ssm_optimized,model_only,wall_clock,722.3027349973563,0.2735995208323319,3654.977161355567,754.6705130691407,a52fafb2a431205f4223926b568ecd88932c58d1f163c5050bf7510b0b2012d3
Houston,0,8,fp32,mamba_ssm_optimized,model_only,cuda_events,720.3891296386719,0.27287467031767876,3664.686058386464,751.9283660888673,a52fafb2a431205f4223926b568ecd88932c58d1f163c5050bf7510b0b2012d3
Houston,0,8,fp32,mamba_ssm_optimized,full_gpu_pipeline,wall_clock,809.8600320226979,0.3067651636449613,3259.8225565056764,1085.792475321796,a52fafb2a431205f4223926b568ecd88932c58d1f163c5050bf7510b0b2012d3
Houston,0,8,fp32,mamba_ssm_optimized,full_gpu_pipeline,cuda_events,809.3726806640624,0.3065805608575994,3261.7854087118076,1083.3306579589846,a52fafb2a431205f4223926b568ecd88932c58d1f163c5050bf7510b0b2012d3
Houston,0,16,fp32,mamba_ssm_optimized,model_only,wall_clock,368.9715359942056,0.13976194545235063,7155.0234705407165,377.8473042650148,a52fafb2a431205f4223926b568ecd88932c58d1f163c5050bf7510b0b2012d3
Houston,0,16,fp32,mamba_ssm_optimized,model_only,cuda_events,368.8233032226562,0.13970579667524854,7157.899126580538,377.71009063720703,a52fafb2a431205f4223926b568ecd88932c58d1f163c5050bf7510b0b2012d3
Houston,0,16,fp32,mamba_ssm_optimized,full_gpu_pipeline,wall_clock,405.2302614727523,0.15349631116392135,6514.814541256845,415.43781308573676,a52fafb2a431205f4223926b568ecd88932c58d1f163c5050bf7510b0b2012d3
Houston,0,16,fp32,mamba_ssm_optimized,full_gpu_pipeline,cuda_events,404.42060852050776,0.15318962443958628,6527.8572465876905,415.1126052856445,a52fafb2a431205f4223926b568ecd88932c58d1f163c5050bf7510b0b2012d3
Houston,0,32,fp32,mamba_ssm_optimized,model_only,wall_clock,207.74527150206268,0.07869139072047829,12707.870465171034,253.75127931183673,a52fafb2a431205f4223926b568ecd88932c58d1f163c5050bf7510b0b2012d3
Houston,0,32,fp32,mamba_ssm_optimized,model_only,cuda_events,204.66585540771484,0.07752494523019501,12899.073930728973,249.90734786987304,a52fafb2a431205f4223926b568ecd88932c58d1f163c5050bf7510b0b2012d3
Houston,0,32,fp32,mamba_ssm_optimized,full_gpu_pipeline,wall_clock,227.7172434842214,0.08625653162281113,11593.324948107966,279.00800421775784,a52fafb2a431205f4223926b568ecd88932c58d1f163c5050bf7510b0b2012d3
Houston,0,32,fp32,mamba_ssm_optimized,full_gpu_pipeline,cuda_events,226.4801330566406,0.08578792918812143,11656.651576320648,276.6296096801758,a52fafb2a431205f4223926b568ecd88932c58d1f163c5050bf7510b0b2012d3
Houston,0,64,fp32,mamba_ssm_optimized,model_only,wall_clock,163.74423302477226,0.06202433069120161,16122.70521674253,216.12492612039205,a52fafb2a431205f4223926b568ecd88932c58d1f163c5050bf7510b0b2012d3
Houston,0,64,fp32,mamba_ssm_optimized,model_only,cuda_events,162.00345611572266,0.06136494549837979,16295.94863775122,213.72078018188475,a52fafb2a431205f4223926b568ecd88932c58d1f163c5050bf7510b0b2012d3
Houston,0,64,fp32,mamba_ssm_optimized,full_gpu_pipeline,wall_clock,187.56150250555947,0.07104602367634828,14075.383086258591,246.78573716664687,a52fafb2a431205f4223926b568ecd88932c58d1f163c5050bf7510b0b2012d3
Houston,0,64,fp32,mamba_ssm_optimized,full_gpu_pipeline,cuda_events,186.0346908569336,0.07046768593065666,14190.901642265428,244.45854873657228,a52fafb2a431205f4223926b568ecd88932c58d1f163c5050bf7510b0b2012d3
