core,block,branch,A_mode,d_inner,d_state,stored_A_parameter_count,lambda_min,lambda_max,lambda_mean,mean_statewise_channel_cv,max_statewise_channel_cv,row_shared_relative_fro_error_lambda,row_shared_relative_fro_error_A_log,best_rank1_energy_ratio_lambda,dataset,seed
block0_spa,0,spa,shared,64,16,16,0.9179018728471439,15.661678808547851,8.144087542070439,6.951460769203522e-16,1.6690959977044021e-15,7.440439225252767e-16,0.0,1.0,UP,0
block0_spe,0,spe,shared,16,16,16,1.0046125784494515,16.18441586673063,8.413151436239964,1.5409587114683712e-16,4.514943915383079e-16,1.6936460410195514e-16,0.0,1.0,UP,0
block1_spa,1,spa,shared,64,16,16,0.9452551264332218,16.447669131544266,8.433233211106261,8.733101734942601e-16,1.4863327141781023e-15,1.0223840549049639e-15,0.0,1.0,UP,0
block1_spe,1,spe,shared,16,16,16,0.9801523589010203,15.894260524456307,8.743183384019748,2.2153062847929835e-16,3.9596802809622823e-16,2.7731105896053255e-16,0.0,1.0,UP,0
block2_spa,2,spa,shared,64,16,16,0.945121000695164,17.06370002428265,8.46881379478059,7.422084756795839e-16,1.5394915775699341e-15,8.104724825066082e-16,0.0,1.0,UP,0
block2_spe,2,spe,shared,16,16,16,1.0056416795805376,15.688957259861292,8.225258679834049,1.6308099066203463e-16,3.912739726617573e-16,1.7554637341893835e-16,0.0,1.0,UP,0
block0_spa,0,spa,shared,64,16,16,0.9300467688120311,16.075709688350294,8.282677113244604,8.448006107794299e-16,1.6172717101232436e-15,1.1256977467595041e-15,0.0,1.0,UP,1
block0_spe,0,spe,shared,16,16,16,1.0237623847613184,16.364069591044103,8.529558358347806,1.8837037563620673e-16,4.33781526319311e-16,2.773037187388854e-16,0.0,1.0,UP,1
block1_spa,1,spa,shared,64,16,16,0.953925943096076,15.606464103137279,8.25551030261352,7.172357040559447e-16,1.4796842359417664e-15,9.610378106718588e-16,0.0,1.0,UP,1
block1_spe,1,spe,shared,16,16,16,0.9829028968051603,15.825475237461337,8.315674342035141,2.5646749175192006e-16,4.560661498434449e-16,2.49526835285542e-16,0.0,1.0,UP,1
block2_spa,2,spa,shared,64,16,16,1.0054015062866357,15.028835353845247,8.197925244997672,8.973073754819365e-16,1.4708840301513698e-15,8.832267320553112e-16,0.0,1.0,UP,1
block2_spe,2,spe,shared,16,16,16,1.0061743000769894,16.336380701193143,8.551369747165884,1.6603989440727546e-16,4.311613661024229e-16,1.96060875015053e-16,0.0,1.0,UP,1
block0_spa,0,spa,shared,64,16,16,0.9762184847093885,15.454747398919004,8.090475539036248,9.47872818577564e-16,1.7346556635019465e-15,1.1584204298427738e-15,0.0,1.0,UP,2
block0_spe,0,spe,shared,16,16,16,0.978991575434784,15.049197865069376,8.430230903200027,1.8706229317848473e-16,4.793872420345134e-16,1.6499017463645576e-16,0.0,1.0,UP,2
block1_spa,1,spa,shared,64,16,16,0.9784526930906067,16.99467073756593,8.182362141481086,8.323619810537891e-16,1.3616065845166163e-15,6.777257116774925e-16,0.0,1.0,UP,2
block1_spe,1,spe,shared,16,16,16,0.9875437608195541,14.354444836910181,7.779528865585512,2.315559975669366e-16,4.0491893220710006e-16,2.719894454855206e-16,0.0,1.0,UP,2
block2_spa,2,spa,shared,64,16,16,0.9860726121100425,15.771036654265753,8.245978864569103,8.595054290332743e-16,1.6356463872564277e-15,1.058106495775941e-15,0.0,1.0,UP,2
block2_spe,2,spe,shared,16,16,16,0.9934330432476187,15.877932438580137,8.433050083980678,1.5632129390364314e-16,3.4385824909569206e-16,1.957890733131353e-16,0.0,1.0,UP,2
block0_spa,0,spa,shared,64,16,16,0.9439760875635609,15.829180842983613,8.241086944359896,8.662830873094096e-16,1.369319846494922e-15,9.311386899425209e-16,0.0,1.0,UP,3
block0_spe,0,spe,shared,16,16,16,0.9773941325615566,15.742054083320486,8.472734787419494,1.5115841377384866e-16,4.3923584839463337e-16,2.3182109219137394e-16,0.0,1.0,UP,3
block1_spa,1,spa,shared,64,16,16,0.9320064937050109,16.0491821553887,8.320908431671509,7.314935123323471e-16,1.5054367621221872e-15,9.62566571854283e-16,0.0,1.0,UP,3
block1_spe,1,spe,shared,16,16,16,1.0523415134336238,17.056545379461298,8.564773341530946,2.433049885025106e-16,4.2200103690775214e-16,2.8772366805803167e-16,0.0,1.0,UP,3
block2_spa,2,spa,shared,64,16,16,1.025693252364891,16.176850792434323,8.485059245772378,8.962546252327213e-16,1.7569371069241967e-15,1.096214440600689e-15,0.0,1.0,UP,3
block2_spe,2,spe,shared,16,16,16,0.9576413342653571,15.309392221952795,8.387113376920402,1.6558117355138522e-16,3.964277686848916e-16,2.395655303447201e-16,0.0,1.0,UP,3
block0_spa,0,spa,shared,64,16,16,0.888164758706527,16.069352416996395,8.040072824542639,1.0611940435369027e-15,1.5896015454061687e-15,1.1469082207798001e-15,0.0,1.0,UP,4
block0_spe,0,spe,shared,16,16,16,0.9347792690139829,15.345171542851775,8.34812960968953,2.4117711089269816e-16,4.863412328666349e-16,2.656334197250412e-16,0.0,1.0,UP,4
block1_spa,1,spa,shared,64,16,16,0.9068582898495046,14.773888301325046,7.960444125802201,7.827783782008351e-16,1.3188890133916033e-15,9.298423257343237e-16,0.0,1.0,UP,4
block1_spe,1,spe,shared,16,16,16,0.9759918502278604,14.80893864333882,8.361397656298593,1.505743245630925e-16,3.960190106907602e-16,1.5419889768432824e-16,0.0,1.0,UP,4
block2_spa,2,spa,shared,64,16,16,0.9969077570355306,15.766773267988318,8.354414225689908,6.761370850393226e-16,1.5085116186226252e-15,7.05466552776329e-16,0.0,1.0,UP,4
block2_spe,2,spe,shared,16,16,16,0.9876338645560544,16.64238624670845,8.57659125097338,2.17746508326557e-16,4.457286938540059e-16,2.1921589889021378e-16,0.0,1.0,UP,4
block0_spa,0,spa,shared,64,16,16,0.8314808039303875,15.543504075529594,8.022899030047574,6.315356870455289e-16,1.599960705820204e-15,8.577656186697536e-16,0.0,1.0,UP,5
block0_spe,0,spe,shared,16,16,16,1.0041978118427686,15.708285298564592,8.415182548776961,1.402542081332081e-16,3.225604781619638e-16,1.4615001831600516e-16,0.0,1.0,UP,5
block1_spa,1,spa,shared,64,16,16,0.9943671025381496,14.55506347366788,8.168221880108945,7.095123457596791e-16,1.245434403810351e-15,8.703105909876467e-16,0.0,1.0,UP,5
block1_spe,1,spe,shared,16,16,16,0.9488316544800813,16.013811469020023,8.344878660286174,1.925038892710234e-16,3.873166428607798e-16,2.3337183980350323e-16,0.0,1.0,UP,5
block2_spa,2,spa,shared,64,16,16,1.0242154972309496,16.315015596434538,8.402571290402916,9.274182836809176e-16,1.6375208160216028e-15,1.0500432310645686e-15,0.0,1.0,UP,5
block2_spe,2,spe,shared,16,16,16,1.0327285434484192,15.627225477068334,8.50654755142104,2.207559371674107e-16,3.54501301249921e-16,2.8487619649763774e-16,0.0,1.0,UP,5
block0_spa,0,spa,shared,64,16,16,0.9277430411812011,15.75031328515972,8.317339147030285,9.45725125636768e-16,1.751978781889191e-15,8.85399772571016e-16,0.0,1.0,UP,6
block0_spe,0,spe,shared,16,16,16,0.9992375791622394,15.800358881731393,8.462306316784703,1.954384029030528e-16,3.4582758589121663e-16,2.2811334026867435e-16,0.0,1.0,UP,6
block1_spa,1,spa,shared,64,16,16,0.9519496897038806,15.636099175064203,8.120605404891972,5.492581414956198e-16,1.8176982067068117e-15,1.0677208404432136e-15,0.0,1.0,UP,6
block1_spe,1,spe,shared,16,16,16,0.9763859544339997,15.918683565763223,8.39743078040351,1.971031400869101e-16,3.7356369564886765e-16,2.572943868147274e-16,0.0,1.0,UP,6
block2_spa,2,spa,shared,64,16,16,1.0551309964166833,15.583660677205934,8.381483158032726,6.683865307628979e-16,1.6867214287071888e-15,7.767548123205725e-16,0.0,1.0,UP,6
block2_spe,2,spe,shared,16,16,16,1.0333271163030837,16.906489046612972,8.382465769588197,2.0971310537797057e-16,4.113099981348749e-16,2.987202192683966e-16,0.0,1.0,UP,6
block0_spa,0,spa,shared,64,16,16,0.9761540245605391,15.909175359861257,8.393952886606995,7.891243005479491e-16,1.5745120669397035e-15,9.111223106146998e-16,0.0,1.0,UP,7
block0_spe,0,spe,shared,16,16,16,1.0053186368328673,16.790518819344122,8.622102147361826,2.031480862030119e-16,4.541418646073199e-16,2.1799029491629048e-16,0.0,1.0,UP,7
block1_spa,1,spa,shared,64,16,16,0.9426487793192069,15.50639349355989,8.334093559267009,7.046654548104741e-16,1.6831836682057532e-15,8.984628278302687e-16,0.0,1.0,UP,7
block1_spe,1,spe,shared,16,16,16,1.0803031099976401,15.817500940626346,8.55121960352384,2.3353494769083257e-16,4.745251624765586e-16,3.1186082719448216e-16,0.0,1.0,UP,7
block2_spa,2,spa,shared,64,16,16,1.015361699338601,16.435583805320913,8.626711398727783,7.872492015524048e-16,1.4178246905211915e-15,7.380479751217229e-16,0.0,1.0,UP,7
block2_spe,2,spe,shared,16,16,16,1.0138755996214768,16.850858702122483,8.524502085803201,1.3583809972340165e-16,3.5922160400399305e-16,1.7144921911887091e-16,0.0,1.0,UP,7
block0_spa,0,spa,shared,64,16,16,0.960439821043202,15.975894153769358,8.263893046288159,8.228872304116871e-16,1.490263251204583e-15,8.975590906930118e-16,0.0,1.0,UP,8
block0_spe,0,spe,shared,16,16,16,1.003729977944051,16.57073862943288,8.478924024032352,1.8704379631740721e-16,4.2879364139992967e-16,2.8681574143059893e-16,0.0,1.0,UP,8
block1_spa,1,spa,shared,64,16,16,0.901196456519763,16.286695211586242,8.449543042090232,6.417770400315061e-16,1.3729147619700491e-15,8.326009557804864e-16,0.0,1.0,UP,8
block1_spe,1,spe,shared,16,16,16,0.9629495577982663,15.202013975761723,8.394242430388847,1.7996634049890659e-16,3.581832113130295e-16,2.5205985879931044e-16,0.0,1.0,UP,8
block2_spa,2,spa,shared,64,16,16,0.9807621417333753,16.734392294919054,8.298046576645552,1.0246091931716658e-15,1.6466711714977792e-15,1.0326611236477756e-15,0.0,1.0,UP,8
block2_spe,2,spe,shared,16,16,16,0.9547452407238795,16.054386934725155,8.492579919027566,1.6806081815917214e-16,4.825238787510953e-16,2.309083616696773e-16,0.0,1.0,UP,8
block0_spa,0,spa,shared,64,16,16,0.9316311008693738,15.782433898196578,8.325572019761813,7.080307920848053e-16,1.4700251124267549e-15,8.41386863192906e-16,0.0,1.0,UP,9
block0_spe,0,spe,shared,16,16,16,1.0243258035537786,15.586547837023904,8.403372650730857,1.610699930365547e-16,3.4653987057233203e-16,2.1030716643010533e-16,0.0,1.0,UP,9
block1_spa,1,spa,shared,64,16,16,0.9244482356392957,15.623526174842578,7.95711584493268,6.970601490825317e-16,1.5048782187279429e-15,9.617425834460855e-16,0.0,1.0,UP,9
block1_spe,1,spe,shared,16,16,16,1.030672301248079,15.891627049174934,8.623909145151217,1.5638369489585714e-16,4.308733331751507e-16,1.9592674878570092e-16,0.0,1.0,UP,9
block2_spa,2,spa,shared,64,16,16,0.9502511407604177,16.71303661768245,8.432276179414242,6.817798661892933e-16,1.4020163432627627e-15,8.360821568673238e-16,0.0,1.0,UP,9
block2_spe,2,spe,shared,16,16,16,0.9550523545206623,15.36768461280051,8.455097850604844,1.9378197693730306e-16,3.4677120545289593e-16,2.4500606345750253e-16,0.0,1.0,UP,9
block0_spa,0,spa,per_channel,64,16,1024,0.772993610991952,18.21108487936289,8.496570492220927,0.06524539957553221,0.0824906836358554,0.06265583920069435,0.03175548262417631,0.9967909990295338,UP,0
block0_spe,0,spe,per_channel,16,16,256,0.9532885529545693,17.24569507562266,8.465070361375194,0.034988805925051075,0.05977323521022939,0.040720146135675005,0.017656237967521388,0.9986197268925124,UP,0
block1_spa,1,spa,per_channel,64,16,1024,0.8755050631211647,17.4126225538537,8.509337970101317,0.05295772153772657,0.06785049060945457,0.05185292443450111,0.026331642983274506,0.9984007879797147,UP,0
block1_spe,1,spe,per_channel,16,16,256,0.9318455598126227,17.492651559941233,8.517499347651468,0.03570098479678138,0.05774622942288161,0.038627039976910284,0.01818120149383495,0.9990900433261363,UP,0
block2_spa,2,spa,per_channel,64,16,1024,0.896937426146603,18.67512992185548,8.51785058249265,0.057552067853641045,0.07796109471789532,0.06326637738146319,0.028388349430085863,0.9973124412607264,UP,0
block2_spe,2,spe,per_channel,16,16,256,0.9448214379198027,17.099587597022335,8.510671459862712,0.03986629126095842,0.0639482973326631,0.043357882435872734,0.019796715773587787,0.9985489464062075,UP,0
block0_spa,0,spa,per_channel,64,16,1024,0.7949007194873005,18.34457598798915,8.583709100755883,0.06645083279731455,0.0812847451269618,0.06346603747755021,0.03225345337088754,0.9975390685669017,UP,1
block0_spe,0,spe,per_channel,16,16,256,0.973337934664803,16.904308513030475,8.518587844153306,0.024055405892484855,0.03857158653924064,0.02619680372741955,0.012000131435028557,0.9994051258160479,UP,1
block1_spa,1,spa,per_channel,64,16,1024,0.8464021580853961,19.392292592634018,8.499069496339379,0.061923820784691844,0.07474846126180341,0.06232951993521709,0.03000282274497434,0.9968681266396137,UP,1
block1_spe,1,spe,per_channel,16,16,256,0.9286423908460666,16.5669976707252,8.427643785529334,0.033345855157319165,0.05234888213556378,0.03650558644231266,0.017120443718112076,0.9988970080037683,UP,1
block2_spa,2,spa,per_channel,64,16,1024,0.9222078590848779,17.654479744839346,8.421048626264394,0.05968672437199489,0.08715773714459296,0.06571944067927107,0.030510976617069224,0.9966774323737617,UP,1
block2_spe,2,spe,per_channel,16,16,256,0.9618100915425793,16.708777517827333,8.520369176444557,0.018942754458352508,0.024015501343713858,0.020618838744546716,0.009350385630782587,0.9996221283479998,UP,1
block0_spa,0,spa,per_channel,64,16,1024,0.8369355741164758,17.08397627937511,8.383463165580036,0.06743798839549048,0.09318175628498812,0.06408029873295275,0.03453555586482438,0.9978591152235067,UP,2
block0_spe,0,spe,per_channel,16,16,256,0.9163900054265512,16.719210055457598,8.475251622978076,0.03294007507928881,0.04641401854128689,0.03391015502077193,0.0163445646356933,0.9989606576864557,UP,2
block1_spa,1,spa,per_channel,64,16,1024,0.723574925872767,21.66327662399484,8.518923324448924,0.07365452631341017,0.08540580439570672,0.07536872598240062,0.035794004722612544,0.9960082437325927,UP,2
block1_spe,1,spe,per_channel,16,16,256,0.9453370541854458,17.959970974926545,8.38201311127937,0.05354665380211418,0.0824945592668435,0.061882283157678415,0.02727521052808345,0.9987353851038415,UP,2
block2_spa,2,spa,per_channel,64,16,1024,0.8349143114937839,17.91776595774822,8.47596271905292,0.06135146765897061,0.08835930833471256,0.05810856940297646,0.031296835013170425,0.9970146119518772,UP,2
block2_spe,2,spe,per_channel,16,16,256,0.9513270586841636,16.85497720207264,8.50406498382051,0.038326654403750576,0.0542901439225987,0.04151259560609334,0.018948400972126262,0.9984130655001201,UP,2
block0_spa,0,spa,per_channel,64,16,1024,0.7743891839861937,20.59757655006779,8.61629904967223,0.08689721355563845,0.10715457444534379,0.08566265519490675,0.04134516343736098,0.9967594939811576,UP,3
block0_spe,0,spe,per_channel,16,16,256,0.935691950874492,17.334683019049034,8.498246349943878,0.038524012840191434,0.055460575629186354,0.042425732718445616,0.01916710205323306,0.9985417929298868,UP,3
block1_spa,1,spa,per_channel,64,16,1024,0.785935970053438,19.32838139721376,8.485760478254175,0.07151737216410194,0.09179951133663346,0.07476952787846844,0.035047695611947566,0.9966650000726661,UP,3
block1_spe,1,spe,per_channel,16,16,256,0.9435532777733393,17.38845689309135,8.504130290508995,0.038940629516073244,0.061580935990148654,0.04009783832119806,0.01955558273826661,0.9985444930350783,UP,3
block2_spa,2,spa,per_channel,64,16,1024,0.8780881208234429,19.587379655405513,8.50772658483113,0.0574709093167462,0.08223296404604359,0.06344476079496382,0.028858056636215025,0.9969364518855507,UP,3
block2_spe,2,spe,per_channel,16,16,256,0.9227629267290226,18.69620211664734,8.501446481819233,0.052781523672608646,0.07434087683723552,0.051914084336380215,0.026117560031970816,0.9976530259696014,UP,3
block0_spa,0,spa,per_channel,64,16,1024,0.8055386086508236,18.064428715978025,8.519196554937574,0.05708560477380229,0.0774849436578404,0.05256791680422837,0.02804878526203481,0.9981584116048853,UP,4
block0_spe,0,spe,per_channel,16,16,256,0.9396928894127573,17.792911608289394,8.481474810244569,0.03446592338039693,0.051882001079736506,0.040195693344333,0.01712341700380311,0.9987580690819204,UP,4
block1_spa,1,spa,per_channel,64,16,1024,0.8146717908447642,18.591229080741247,8.41574972858843,0.06174916606393467,0.07688780350688956,0.05756567603750134,0.030472925995612708,0.9972365973014309,UP,4
block1_spe,1,spe,per_channel,16,16,256,0.9452137303520037,16.615597041100862,8.496925426813487,0.026518297413955227,0.04368905323273121,0.028098876927575695,0.013332493011597535,0.999263860328493,UP,4
block2_spa,2,spa,per_channel,64,16,1024,0.9284664246630407,17.370113423411297,8.524393924022345,0.04543638711958825,0.0605508628666556,0.0469649779791175,0.022460968707405472,0.9983150255373758,UP,4
block2_spe,2,spe,per_channel,16,16,256,0.9365028793365285,17.03880391553302,8.515660393633645,0.03273640111517022,0.059112357592105216,0.030177647247972457,0.016606804977880398,0.9991377683273558,UP,4
block0_spa,0,spa,per_channel,64,16,1024,0.8092364057240007,18.24427822758736,8.419499394496016,0.06645163989419758,0.08650159224780662,0.06538590762890437,0.032993822693690084,0.9972646427754311,UP,5
block0_spe,0,spe,per_channel,16,16,256,0.9865173828645113,16.586616482505026,8.458489932160017,0.021324943189944393,0.03131974977521252,0.025090032474623162,0.010868872288930381,0.9995111157045324,UP,5
block1_spa,1,spa,per_channel,64,16,1024,0.8802623958425456,18.344882148685837,8.42292714537259,0.061295784837738856,0.0853695974901181,0.062546589301647,0.03019227933046451,0.9969896134849374,UP,5
block1_spe,1,spe,per_channel,16,16,256,0.8925723676133068,16.919013413688,8.481910638245736,0.04247100112470904,0.06292485968555238,0.04544902130138917,0.021432644284334196,0.998152915871461,UP,5
block2_spa,2,spa,per_channel,64,16,1024,0.8798125344861523,19.146434100001063,8.530626851002888,0.05422498344948226,0.07501535225583915,0.05874113839277766,0.02696435323585025,0.9975366922359631,UP,5
block2_spe,2,spe,per_channel,16,16,256,0.994084715694286,17.597877553817305,8.484771112213453,0.023565311731437055,0.045743499528504455,0.02919977606780888,0.012263422998294086,0.9992215228442776,UP,5
block0_spa,0,spa,per_channel,64,16,1024,0.7794723425454617,20.015823622515423,8.535748550564733,0.0789813187027131,0.13789617138052335,0.07334087354587338,0.03935753169951551,0.9950992763905511,UP,6
block0_spe,0,spe,per_channel,16,16,256,0.9538353008714987,17.24688339616099,8.51340217480261,0.03168778181333819,0.046970907362009574,0.034654763060046286,0.01576929965860335,0.9989600325119524,UP,6
block1_spa,1,spa,per_channel,64,16,1024,0.8133426965256613,18.809986437506737,8.44799664813667,0.07846255000052103,0.08914771958891404,0.07969859379697893,0.038670252369777225,0.9942826313064537,UP,6
block1_spe,1,spe,per_channel,16,16,256,0.942914359944521,17.0403720615136,8.46713419384279,0.03455886621016532,0.04470704009050508,0.03680414155620972,0.017123744334235608,0.9987739040031234,UP,6
block2_spa,2,spa,per_channel,64,16,1024,0.780295028513538,21.74730208880368,8.490077153711182,0.06024118213357703,0.08406758604280061,0.06621172105913217,0.029752040935829664,0.9967821549976702,UP,6
block2_spe,2,spe,per_channel,16,16,256,0.9640277579343012,17.78702022263143,8.46497337740863,0.03810069887308301,0.07178598781813364,0.04548935598543596,0.019441922090509732,0.9981774228873331,UP,6
block0_spa,0,spa,per_channel,64,16,1024,0.8664062242750965,21.939068456985215,8.543603055043452,0.08408340162342234,0.10871151024559954,0.08686089926807222,0.041484600785238045,0.994542749406683,UP,7
block0_spe,0,spe,per_channel,16,16,256,0.9571139580621896,17.145338054481595,8.48778311934911,0.040686709109917285,0.05389601852189415,0.04089179739193443,0.020279367640163436,0.9985089502760859,UP,7
block1_spa,1,spa,per_channel,64,16,1024,0.8801454005859949,17.230192737205435,8.519569413783042,0.04775409209126345,0.07269430835423497,0.05018965710411855,0.023681301990514457,0.9980615076545112,UP,7
block1_spe,1,spe,per_channel,16,16,256,0.9480083340296634,16.665888554341457,8.493934164934661,0.02773490184557683,0.0411992139947842,0.02920395365356215,0.013822682381349776,0.9991936737263231,UP,7
block2_spa,2,spa,per_channel,64,16,1024,0.8660723208845452,18.548933646128948,8.565390684201533,0.05323217142176261,0.07625946796125133,0.05362092400873376,0.026285420625333858,0.9979190583529577,UP,7
block2_spe,2,spe,per_channel,16,16,256,0.9416788789599033,17.703715423847846,8.492119339611685,0.03580842689679302,0.0519416614318473,0.040923349954915006,0.01800977792927462,0.9984289915498593,UP,7
block0_spa,0,spa,per_channel,64,16,1024,0.8572869422958082,21.663891259102087,8.516142526224627,0.07510206031957042,0.09047565130070724,0.07332262665507792,0.03676184986596206,0.995993096923775,UP,8
block0_spe,0,spe,per_channel,16,16,256,0.9741537580220027,16.992061549539752,8.434071731853203,0.03041572579767255,0.03945563170189638,0.03319680697098388,0.01500075820846707,0.9990344626242184,UP,8
block1_spa,1,spa,per_channel,64,16,1024,0.87080903378016,18.78704351629216,8.560553191300396,0.06184467929046085,0.09037452031403846,0.057489019615416866,0.030373455170499122,0.9977509774721328,UP,8
block1_spe,1,spe,per_channel,16,16,256,0.9493282893708701,17.258063372867053,8.494432007453273,0.03639520568646081,0.05414081842519317,0.03689663254865431,0.018033963674315822,0.9987796860933049,UP,8
block2_spa,2,spa,per_channel,64,16,1024,0.8411767149882805,18.17285589834455,8.46121212082675,0.05582987068362333,0.06881198541322896,0.05928233652736552,0.02737627864564017,0.9975013144919148,UP,8
block2_spe,2,spe,per_channel,16,16,256,0.9436736780575262,18.421372043365874,8.51580850411682,0.03920317333025679,0.056224925107662346,0.044662722433772804,0.01980681072701275,0.9980514544004674,UP,8
block0_spa,0,spa,per_channel,64,16,1024,0.7375904246475453,20.763540644812107,8.687249841653369,0.07360500599964243,0.0935386756081329,0.0723339310496945,0.03534600421471415,0.9977399286149364,UP,9
block0_spe,0,spe,per_channel,16,16,256,0.946480635053435,17.438755033037104,8.496271739839536,0.046065753846673774,0.06576240853389896,0.05378122010499045,0.022804966614333816,0.997819759108599,UP,9
block1_spa,1,spa,per_channel,64,16,1024,0.8269332217851634,20.426509525194884,8.42643451097782,0.07706899783339399,0.09605321427338266,0.07992753335843972,0.03825917078416357,0.9949230860193695,UP,9
block1_spe,1,spe,per_channel,16,16,256,0.9623359756298745,17.65261518721067,8.517211278424366,0.03764551807711728,0.05635192576296143,0.04209004236793793,0.018817816936370513,0.9985698361386647,UP,9
block2_spa,2,spa,per_channel,64,16,1024,0.7830412887123509,20.778476462315616,8.509205132924317,0.06942355045528491,0.09481014956886709,0.07326423716666627,0.03447135281933261,0.9956041286574411,UP,9
block2_spe,2,spe,per_channel,16,16,256,0.8895448841961721,17.260729867472026,8.484111655366348,0.03736050138141307,0.054204581910654054,0.04214369603921308,0.01910523305344917,0.9985317866409645,UP,9
block0_spa,0,spa,shared,64,16,16,0.8411762261425395,15.14679464083134,7.2690714393097995,7.050996432805909e-16,1.4123319127680325e-15,7.472597586261591e-16,0.0,1.0,HanChuan,0
block0_spe,0,spe,shared,16,16,16,0.9383595016399904,16.23581369957519,8.383410971435207,1.8353197991723544e-16,4.664135520363435e-16,2.7984848996589994e-16,0.0,1.0,HanChuan,0
block1_spa,1,spa,shared,64,16,16,0.8301183985761751,15.163983232178792,8.105995189779858,7.993756544924348e-16,1.473438229353957e-15,9.138935076246772e-16,0.0,1.0,HanChuan,0
block1_spe,1,spe,shared,16,16,16,0.9376509749500789,14.086591382302469,8.171236704903183,2.1547607715336394e-16,4.119732917531495e-16,2.2123273374759725e-16,0.0,1.0,HanChuan,0
block2_spa,2,spa,shared,64,16,16,0.8760969402436495,15.873326038889513,8.007856888921179,6.798292702981602e-16,1.3979995291799372e-15,8.358438141644213e-16,0.0,1.0,HanChuan,0
block2_spe,2,spe,shared,16,16,16,0.9947104847770273,16.87985825374645,8.51983966528849,2.1413236404257849e-16,3.8890733177580693e-16,2.312011420905392e-16,0.0,1.0,HanChuan,0
block0_spa,0,spa,shared,64,16,16,0.8549321243224566,14.267112693961352,7.516218347295585,8.452071577250934e-16,1.6615777900613147e-15,8.328915140417823e-16,0.0,1.0,HanChuan,1
block0_spe,0,spe,shared,16,16,16,1.0633846003751237,15.251011870903465,8.515333516365837,1.8651564692944488e-16,3.8007977463081147e-16,2.288140876999612e-16,0.0,1.0,HanChuan,1
block1_spa,1,spa,shared,64,16,16,0.8273155714636673,15.131201954448995,8.292568827796982,7.037681792645147e-16,1.2234404006408358e-15,7.802542986764143e-16,0.0,1.0,HanChuan,1
block1_spe,1,spe,shared,16,16,16,0.9385098411112468,15.60500931038789,8.355975443905935,2.354224728726834e-16,4.3001967623432686e-16,2.5149874948077365e-16,0.0,1.0,HanChuan,1
block2_spa,2,spa,shared,64,16,16,0.95530723712592,16.72382667794029,8.373812010365924,6.800328148114936e-16,1.7799471025477815e-15,9.785877185977881e-16,0.0,1.0,HanChuan,1
block2_spe,2,spe,shared,16,16,16,0.9916311948394819,15.77101785373621,8.510944764489475,1.9044795000352876e-16,3.7609130878894264e-16,2.6425957624810477e-16,0.0,1.0,HanChuan,1
block0_spa,0,spa,shared,64,16,16,0.9317968574103818,15.26331420344684,7.452835560613719,5.754595542485474e-16,1.3904325818502436e-15,5.341362859443842e-16,0.0,1.0,HanChuan,2
block0_spe,0,spe,shared,16,16,16,0.8897160657302203,15.62140682836083,8.322066304916923,2.130315578598354e-16,4.991358782372708e-16,2.6651624535235426e-16,0.0,1.0,HanChuan,2
block1_spa,1,spa,shared,64,16,16,0.7632315995927166,14.45833874883035,7.952840247987915,6.331399980622601e-16,1.3715128786667728e-15,8.357450222985279e-16,0.0,1.0,HanChuan,2
block1_spe,1,spe,shared,16,16,16,1.0226443169356674,15.765754587052728,8.284567025312358,1.5439679855764905e-16,4.493126358778841e-16,1.7292469106847576e-16,0.0,1.0,HanChuan,2
block2_spa,2,spa,shared,64,16,16,0.9391229499145132,16.581377521322242,8.246556683749,6.770289222110019e-16,1.4739086470015994e-15,7.464473203678198e-16,0.0,1.0,HanChuan,2
block2_spe,2,spe,shared,16,16,16,0.9820832731487229,15.78359289099332,8.429212601095175,1.8307763492893694e-16,3.5030391324064856e-16,2.553802995974511e-16,0.0,1.0,HanChuan,2
block0_spa,0,spa,shared,64,16,16,0.8775364801798057,14.17536317753715,7.664529974820557,8.883697273048641e-16,1.7019072144043704e-15,1.1910101990119264e-15,0.0,1.0,HanChuan,3
block0_spe,0,spe,shared,16,16,16,0.8640139844392616,16.899585659880955,8.391588711963418,2.1181168971098787e-16,3.339040560865603e-16,2.2515630284388135e-16,0.0,1.0,HanChuan,3
block1_spa,1,spa,shared,64,16,16,0.8909609685019901,15.718970090238658,7.632389515206288,8.353274783832234e-16,1.6951080406692956e-15,1.0501831773879779e-15,0.0,1.0,HanChuan,3
block1_spe,1,spe,shared,16,16,16,0.9161296977556747,16.246892178616545,8.489117581092795,1.3701194458374347e-16,3.686577891573242e-16,1.8683864783253038e-16,0.0,1.0,HanChuan,3
block2_spa,2,spa,shared,64,16,16,0.8251412169695915,16.15010245334494,8.01019827134982,6.350912505391824e-16,1.548805223031641e-15,8.846216274552372e-16,0.0,1.0,HanChuan,3
block2_spe,2,spe,shared,16,16,16,1.0840315672787308,16.872808851520407,8.504805442976494,1.4389902668673712e-16,2.8837818984758457e-16,1.9822290880440985e-16,0.0,1.0,HanChuan,3
block0_spa,0,spa,shared,64,16,16,0.8981639655923729,13.945383550766062,7.239588856064751,9.002970913362596e-16,1.693347463914597e-15,1.0495900225041853e-15,0.0,1.0,HanChuan,4
block0_spe,0,spe,shared,16,16,16,0.9972349221932205,14.699514618734433,8.244488759629789,1.5925894675135812e-16,3.9007260525725205e-16,2.5911135837833714e-16,0.0,1.0,HanChuan,4
block1_spa,1,spa,shared,64,16,16,0.8580976163854246,14.613904775009825,8.066767455080797,7.624148640685988e-16,1.5388800153922105e-15,9.470792959006994e-16,0.0,1.0,HanChuan,4
block1_spe,1,spe,shared,16,16,16,0.9980472467276813,16.47680367900222,8.476754928628871,2.320881047615061e-16,4.0427243645966253e-16,2.6706659525683456e-16,0.0,1.0,HanChuan,4
block2_spa,2,spa,shared,64,16,16,0.9811453702760569,15.880041154503608,8.364143697663298,7.922301336524749e-16,1.5841813879607796e-15,7.043863172733691e-16,0.0,1.0,HanChuan,4
block2_spe,2,spe,shared,16,16,16,0.9073198777255617,15.353365276818963,8.447048865891645,2.652772641589279e-16,4.62792829421509e-16,3.0011381728973796e-16,0.0,1.0,HanChuan,4
block0_spa,0,spa,shared,64,16,16,0.8814434621101513,13.346799865482943,7.303087311091654,6.657413753789097e-16,1.7610431583966835e-15,8.847273344304625e-16,0.0,1.0,HanChuan,5
block0_spe,0,spe,shared,16,16,16,0.9429867790996557,15.585678288594474,8.10929951625488,2.050407068684451e-16,3.350972979157115e-16,2.3264096026731217e-16,0.0,1.0,HanChuan,5
block1_spa,1,spa,shared,64,16,16,0.8544451307882455,14.556743146193808,7.6572618898918385,9.627089609498745e-16,1.7245210813852333e-15,1.0774828888592103e-15,0.0,1.0,HanChuan,5
block1_spe,1,spe,shared,16,16,16,0.9184934437561659,16.3635155876749,8.451987564357093,1.2867883680398483e-16,3.5246488812183555e-16,1.4753635423540492e-16,0.0,1.0,HanChuan,5
block2_spa,2,spa,shared,64,16,16,0.9484625049339255,16.15671894065474,8.237101653743146,6.995280422215895e-16,1.739814849518483e-15,8.402813296086024e-16,0.0,1.0,HanChuan,5
block2_spe,2,spe,shared,16,16,16,0.9557821342046825,15.553175672396005,8.50949353227876,2.0462998754771626e-16,3.5921189054080525e-16,2.3980259584071155e-16,0.0,1.0,HanChuan,5
block0_spa,0,spa,shared,64,16,16,0.9464331421682667,14.78229859016031,7.827445015051127,7.186291391248097e-16,1.463070542223489e-15,9.336597546927794e-16,0.0,1.0,HanChuan,6
block0_spe,0,spe,shared,16,16,16,0.9542675705336787,18.071256435223347,8.488055806688044,1.130933272161362e-16,4.030684432681754e-16,1.8556767683458096e-16,0.0,1.0,HanChuan,6
block1_spa,1,spa,shared,64,16,16,0.8210769648383205,15.596424702800395,7.7049526163526885,8.70088757334203e-16,1.5989242402255665e-15,1.0405817938993776e-15,0.0,1.0,HanChuan,6
block1_spe,1,spe,shared,16,16,16,1.0340765011543678,16.675805279936874,8.5916631383814,1.8448342031153019e-16,3.824597957300509e-16,2.326885795767652e-16,0.0,1.0,HanChuan,6
block2_spa,2,spa,shared,64,16,16,0.900234569842756,16.848484492742905,8.103101063305376,8.650763079706339e-16,1.6968020770061645e-15,1.085144939640584e-15,0.0,1.0,HanChuan,6
block2_spe,2,spe,shared,16,16,16,1.0038830744456537,16.095894101369595,8.23322246560637,1.390551185637266e-16,3.837716018827245e-16,1.6290643368697893e-16,0.0,1.0,HanChuan,6
block0_spa,0,spa,shared,64,16,16,0.8180523071268627,14.201278489275474,7.445393624362326,8.829229039541263e-16,1.7041191143648898e-15,9.519748870047684e-16,0.0,1.0,HanChuan,7
block0_spe,0,spe,shared,16,16,16,0.8003211455749597,15.729508390478747,7.904939718837218,1.687309315779703e-16,3.957470157415916e-16,1.7767955485306836e-16,0.0,1.0,HanChuan,7
block1_spa,1,spa,shared,64,16,16,0.8508944830145121,16.352490141653885,7.85575545075517,7.86560084400606e-16,1.6149975817168444e-15,9.577854300478513e-16,0.0,1.0,HanChuan,7
block1_spe,1,spe,shared,16,16,16,1.026509281156489,15.533249638660106,8.351101144253658,1.9599931607326607e-16,3.439729558045617e-16,2.196459723953181e-16,0.0,1.0,HanChuan,7
block2_spa,2,spa,shared,64,16,16,0.859420890432567,15.34554106327436,8.41270615601034,6.8918168529172e-16,1.1152467959216375e-15,8.443332581275293e-16,0.0,1.0,HanChuan,7
block2_spe,2,spe,shared,16,16,16,1.0008550478134817,16.12647392997589,8.558906326887854,2.030007026800731e-16,4.437098167414377e-16,2.655216213765224e-16,0.0,1.0,HanChuan,7
block0_spa,0,spa,shared,64,16,16,0.9227897400848561,13.182457728487474,6.786714074721171,7.528132296387515e-16,1.6439868205727027e-15,8.95751157025272e-16,0.0,1.0,HanChuan,8
block0_spe,0,spe,shared,16,16,16,0.9636234391114507,18.007014481953302,8.492695977497513,1.8769989389832374e-16,3.9710006862605775e-16,1.9184193366519452e-16,0.0,1.0,HanChuan,8
block1_spa,1,spa,shared,64,16,16,0.8932278439939966,14.939590626190853,7.77362610545204,6.617737219162003e-16,1.1890264491492095e-15,8.345000522817127e-16,0.0,1.0,HanChuan,8
block1_spe,1,spe,shared,16,16,16,1.0048413266913485,17.049292112510646,8.36198677789724,1.8679902158875995e-16,4.887628864178373e-16,2.0498649763620284e-16,0.0,1.0,HanChuan,8
block2_spa,2,spa,shared,64,16,16,0.845329386653855,15.706877186385976,7.971674458350382,8.943345859086083e-16,1.7073698782977522e-15,9.912107198917005e-16,0.0,1.0,HanChuan,8
block2_spe,2,spe,shared,16,16,16,1.1872359557414978,19.26467624091808,8.992922378758994,1.9032874069365208e-16,4.401572141054854e-16,2.950170226673152e-16,0.0,1.0,HanChuan,8
block0_spa,0,spa,shared,64,16,16,0.8973947666688691,12.896977836236399,6.485918850245941,8.306736961982239e-16,1.5651056205849525e-15,9.327692286669025e-16,0.0,1.0,HanChuan,9
block0_spe,0,spe,shared,16,16,16,1.0729997608910917,16.75004357621496,8.244789051512907,1.5850110646537718e-16,3.340071662046798e-16,1.9938556870997895e-16,0.0,1.0,HanChuan,9
block1_spa,1,spa,shared,64,16,16,0.9218771148849768,14.029662518788747,7.751231527171546,8.696385427043074e-16,1.6284120825981562e-15,9.561706734580288e-16,0.0,1.0,HanChuan,9
block1_spe,1,spe,shared,16,16,16,0.9821491730773974,15.177188714158808,8.228883723886078,1.7715175379363846e-16,3.4271975949434496e-16,2.1113808621375491e-16,0.0,1.0,HanChuan,9
block2_spa,2,spa,shared,64,16,16,0.8844030060191769,17.21100675204971,8.02570677466732,6.647723723165995e-16,1.2835528702187444e-15,8.179472822586184e-16,0.0,1.0,HanChuan,9
block2_spe,2,spe,shared,16,16,16,1.0674323549907612,18.162044580314394,8.844719619760866,1.6984864958182369e-16,4.033635752121409e-16,2.387435185388057e-16,0.0,1.0,HanChuan,9
block0_spa,0,spa,per_channel,64,16,1024,0.6285171608983584,20.908163381807515,8.251389234654571,0.10839133788509123,0.12877455415179234,0.09762067332629497,0.054981510370644505,0.9924166289746559,HanChuan,0
block0_spe,0,spe,per_channel,16,16,256,0.8766564151939583,17.309573127099814,8.372113286909475,0.06191232523436026,0.09133500090965406,0.06642226751642381,0.030956306587100465,0.9969413646271887,HanChuan,0
block1_spa,1,spa,per_channel,64,16,1024,0.744257793779447,20.98821913098232,8.660071948203838,0.11244749622524014,0.14486690174095132,0.10316749052769819,0.0543062712327735,0.994161858711862,HanChuan,0
block1_spe,1,spe,per_channel,16,16,256,0.8760598130036064,16.687295385805765,8.399445635428876,0.056768960925168206,0.098140035126028,0.060451628223666946,0.029148519674084297,0.9974865984768484,HanChuan,0
block2_spa,2,spa,per_channel,64,16,1024,0.7286650153643665,20.6716520232929,8.402863570457566,0.10356443107566805,0.1243020135046477,0.10321203905699272,0.05119625988662124,0.9902532824615289,HanChuan,0
block2_spe,2,spe,per_channel,16,16,256,0.9322928592088813,18.32247157721266,8.537661905164375,0.049983402591787573,0.08531712602929488,0.0556713297562576,0.024735153660151162,0.9973097968268952,HanChuan,0
block0_spa,0,spa,per_channel,64,16,1024,0.8074310731402242,18.35466010886764,8.430262610227453,0.07575816021416128,0.09553935006383077,0.07277056756114408,0.03723358056582868,0.9956744810708889,HanChuan,1
block0_spe,0,spe,per_channel,16,16,256,0.9785834960972558,16.481726669588937,8.46048695594218,0.03685838019441798,0.05749351436623629,0.040883566226614036,0.018634877418108212,0.9985831577640527,HanChuan,1
block1_spa,1,spa,per_channel,64,16,1024,0.7034663301453987,20.076497769108858,8.58924123943031,0.0706614272339212,0.1021706281094137,0.07149217330604572,0.03493598928768656,0.9971619420965657,HanChuan,1
block1_spe,1,spe,per_channel,16,16,256,0.8925078897741048,17.129974937237566,8.45574954340594,0.05272340098638247,0.07711287527013908,0.05561325537239398,0.02641869702817129,0.9973806437537015,HanChuan,1
block2_spa,2,spa,per_channel,64,16,1024,0.8460476228235266,20.427405635775855,8.524794023071678,0.06625559977537958,0.08424938640832035,0.0691399569203303,0.03241932676061961,0.9970227664640117,HanChuan,1
block2_spe,2,spe,per_channel,16,16,256,0.9439796428376516,16.79195601946836,8.507315915193546,0.03676963370748472,0.05553262516963149,0.03688332378929466,0.018334981701495928,0.9987908298929729,HanChuan,1
block0_spa,0,spa,per_channel,64,16,1024,0.6875835774439514,19.61772541675195,8.30265901185923,0.09484026631013193,0.12055120569001743,0.08567753345941276,0.04901196578862173,0.9947771774447113,HanChuan,2
block0_spe,0,spe,per_channel,16,16,256,0.8704928125821922,17.018082202789085,8.463031117897707,0.05368030193425265,0.08890149549958805,0.05521137613125691,0.027354449119450525,0.9971717774846719,HanChuan,2
block1_spa,1,spa,per_channel,64,16,1024,0.754600822512531,21.79549258008114,8.43962583247469,0.09542124575033657,0.12702868551543828,0.09242209190883284,0.04664928716629385,0.9948102983281768,HanChuan,2
block1_spe,1,spe,per_channel,16,16,256,0.9216179059241201,17.605255071785695,8.469600655426353,0.04504799560387795,0.06625279804966623,0.04810356740569798,0.022210267089489998,0.9983176322530434,HanChuan,2
block2_spa,2,spa,per_channel,64,16,1024,0.7892030317076683,20.92467488410989,8.42813982940229,0.08348290161824365,0.09740669041898584,0.08574105673646733,0.041293813313246726,0.9937850777797906,HanChuan,2
block2_spe,2,spe,per_channel,16,16,256,0.8904834863320807,18.4196372861005,8.47730736648451,0.054663268558013914,0.10344356513060803,0.058187997104288056,0.028029776273062152,0.9968128192939355,HanChuan,2
block0_spa,0,spa,per_channel,64,16,1024,0.7462797472700936,21.182102730451998,8.357390331725046,0.10596324184936703,0.12218655670010282,0.10582141333411728,0.05362072164424531,0.9919263206424029,HanChuan,3
block0_spe,0,spe,per_channel,16,16,256,0.8424421723249234,17.87496544572308,8.613376386430009,0.05754747960587333,0.07861889178022499,0.06031620344477252,0.02842823874754058,0.9967849814125996,HanChuan,3
block1_spa,1,spa,per_channel,64,16,1024,0.5896920367270266,23.03044915940442,8.320479996660936,0.13027435450703295,0.1460807924802806,0.12966285304806865,0.06630456194343776,0.9867444591782109,HanChuan,3
block1_spe,1,spe,per_channel,16,16,256,0.9154445243215547,18.34110360860121,8.494570404313324,0.050846021065079794,0.09518115120436682,0.05978780796137024,0.026461761092396376,0.9969415005612586,HanChuan,3
block2_spa,2,spa,per_channel,64,16,1024,0.6950464546692475,23.47404802538704,8.500038365190392,0.1169434408967325,0.15064882635738527,0.12033639563911684,0.05707420064828651,0.9899491418279092,HanChuan,3
block2_spe,2,spe,per_channel,16,16,256,0.8811362464397724,19.76481640973448,8.51130194620302,0.07669740391053605,0.11233231403255202,0.08217952898836262,0.037848716218673695,0.9943173490288798,HanChuan,3
block0_spa,0,spa,per_channel,64,16,1024,0.6666050263608345,18.348578348820055,8.078801991972274,0.09693323463111275,0.11012589835118175,0.09288668239889272,0.04937419058502558,0.9969319415607206,HanChuan,4
block0_spe,0,spe,per_channel,16,16,256,0.9174664065147118,17.464576961877015,8.415957320866406,0.04192760856688843,0.06219028160685921,0.04479388128923346,0.02106738487007919,0.9982831902987654,HanChuan,4
block1_spa,1,spa,per_channel,64,16,1024,0.7321906695770847,19.179969548431362,8.524275566758114,0.07935547075720426,0.09859878029479051,0.07970166083884679,0.039343432964886314,0.9959695231536818,HanChuan,4
block1_spe,1,spe,per_channel,16,16,256,0.8823167496932733,18.472217967274617,8.520232828176084,0.059805707217154114,0.07921515589716124,0.059839403850622974,0.029765009248323166,0.9968629998383002,HanChuan,4
block2_spa,2,spa,per_channel,64,16,1024,0.8770938148475522,20.22781465644163,8.587040112589994,0.08951254473887535,0.11128493556815264,0.0890347622873036,0.043399499289877935,0.9938014367168083,HanChuan,4
block2_spe,2,spe,per_channel,16,16,256,0.885806093621035,17.549605671326912,8.423769412097467,0.05104633194691527,0.0818843515236918,0.05399528831799929,0.025500212260427355,0.9976444285309707,HanChuan,4
block0_spa,0,spa,per_channel,64,16,1024,0.7201631692555435,18.216222025333067,8.073946275304735,0.1128312194427642,0.1474774339346542,0.10144493914491313,0.05705547492582014,0.9975317051970792,HanChuan,5
block0_spe,0,spe,per_channel,16,16,256,0.8756075849219555,18.60594635192842,8.591882002842809,0.06961140973934606,0.11188956126560413,0.07985833885337418,0.035602668871851983,0.9971127380854249,HanChuan,5
block1_spa,1,spa,per_channel,64,16,1024,0.6589955872026868,18.919004580698115,8.217418561678333,0.11916017020241723,0.13681025304439223,0.11413037892699306,0.06097591935544008,0.9916445784747897,HanChuan,5
block1_spe,1,spe,per_channel,16,16,256,0.9185552614504271,19.40051951320316,8.521642833677816,0.055305496782486474,0.08544681450604036,0.05238125125346155,0.027389777830259976,0.9975990985330795,HanChuan,5
block2_spa,2,spa,per_channel,64,16,1024,0.59224460825483,25.893194142658633,8.57223062134432,0.11643844897334138,0.15641515322937283,0.12309847127341732,0.05701538759845859,0.9898568837648911,HanChuan,5
block2_spe,2,spe,per_channel,16,16,256,0.9347185322895487,19.57242270418561,8.537547210503938,0.04438320528127726,0.06942588640122657,0.04989160760532437,0.02175711032463541,0.997647015563184,HanChuan,5
block0_spa,0,spa,per_channel,64,16,1024,0.6193136250671958,19.023642079863944,8.469903500787897,0.10265979053509039,0.13303978938648173,0.0881661144885617,0.052837511038242115,0.9949355146705586,HanChuan,6
block0_spe,0,spe,per_channel,16,16,256,0.8742162678792914,17.907247287059786,8.46100764673155,0.059572869609911754,0.1147543677627564,0.06760364187883469,0.030141022669825986,0.996185237026307,HanChuan,6
block1_spa,1,spa,per_channel,64,16,1024,0.7849306547110444,23.632022149129252,8.462297527026262,0.12527868425557045,0.15294765024754478,0.12823193522935936,0.06292631805989093,0.986701527522833,HanChuan,6
block1_spe,1,spe,per_channel,16,16,256,0.9216712814619982,17.38349930545206,8.487311751749473,0.053011285408870526,0.08912894459016445,0.05633229114154585,0.026857582874206733,0.9977586686085759,HanChuan,6
block2_spa,2,spa,per_channel,64,16,1024,0.7854386757822354,25.52274820184288,8.453843579425328,0.08745215311144246,0.13428732298528254,0.09835604064718134,0.04334553939901038,0.9920186151441475,HanChuan,6
block2_spe,2,spe,per_channel,16,16,256,0.8248932773275904,19.961209494104065,8.477886120827783,0.0652601633135059,0.09964060522709915,0.07059527896067239,0.0321297149509146,0.9957991518708142,HanChuan,6
block0_spa,0,spa,per_channel,64,16,1024,0.5683485623292853,21.195363672634198,8.105068267176641,0.1098606167128077,0.12344212392170989,0.10684813410149671,0.05748754578295288,0.992779909050081,HanChuan,7
block0_spe,0,spe,per_channel,16,16,256,0.7975287923125698,18.20993866413716,8.438449429320427,0.06639526865048273,0.09145079771128428,0.0688058104000903,0.03505626200754049,0.9974481580799168,HanChuan,7
block1_spa,1,spa,per_channel,64,16,1024,0.6275116472709069,21.40694109128366,8.376508846775472,0.10262781562899559,0.12294416017801339,0.09994539503252527,0.05171760484427843,0.992224896997404,HanChuan,7
block1_spe,1,spe,per_channel,16,16,256,0.9365524208271581,19.669795844362906,8.542745098835983,0.044731746938457086,0.07312874712366116,0.05187493404634139,0.022048451278680513,0.9984687001055026,HanChuan,7
block2_spa,2,spa,per_channel,64,16,1024,0.7236213551133497,21.92009452322578,8.584888485171867,0.10095767889090689,0.1363792743580257,0.1038681231644785,0.04910055540149038,0.9923488853991792,HanChuan,7
block2_spe,2,spe,per_channel,16,16,256,0.9172623301560596,17.300422029865416,8.487787128714942,0.0693628367336781,0.0963640236931877,0.07403705332801686,0.0344475672676219,0.99488043495803,HanChuan,7
block0_spa,0,spa,per_channel,64,16,1024,0.6729880244222055,20.222230755955398,8.063372862521023,0.11036691149373692,0.12871702778928956,0.10149714308392778,0.056698186385671756,0.9949216079391455,HanChuan,8
block0_spe,0,spe,per_channel,16,16,256,0.8677306349992556,18.075729235828053,8.442241472396356,0.06654130700781397,0.09632939774680774,0.07304197282642798,0.03330662766171215,0.995252639941903,HanChuan,8
block1_spa,1,spa,per_channel,64,16,1024,0.5473673089254322,22.379699975534592,8.484975721751947,0.11604095550274254,0.14496073568053947,0.11807521944988061,0.058558139915370004,0.9891373594746149,HanChuan,8
block1_spe,1,spe,per_channel,16,16,256,0.9418280836675073,18.408929326992364,8.565683197986885,0.058118628429683704,0.0790575116553738,0.059071349553415406,0.02849788405810749,0.9973774917200037,HanChuan,8
block2_spa,2,spa,per_channel,64,16,1024,0.6956098550820595,24.266815560390718,8.516447608354646,0.12065949863020006,0.14501359408838893,0.12188811383208817,0.0591125247101732,0.9886543323662494,HanChuan,8
block2_spe,2,spe,per_channel,16,16,256,0.9371868672128842,18.56166571094341,8.522572614624444,0.06809984656491408,0.12810638722499137,0.07443942926241577,0.03383828683190224,0.9950409143623057,HanChuan,8
block0_spa,0,spa,per_channel,64,16,1024,0.5657624929606743,17.59809572953975,7.930687881036199,0.10943565219274957,0.13443291330603174,0.09904025972114229,0.05710273303825661,0.9979552380663524,HanChuan,9
block0_spe,0,spe,per_channel,16,16,256,0.9589653529931261,17.863326207205347,8.491079143817668,0.07009721606402763,0.10944574971022628,0.07587579820770042,0.03494720072353248,0.9956432334574588,HanChuan,9
block1_spa,1,spa,per_channel,64,16,1024,0.7965057166138969,19.95114648590187,8.28955109398728,0.10524303981821446,0.13840479417552956,0.10867811864366107,0.05284097663208386,0.9913167827083329,HanChuan,9
block1_spe,1,spe,per_channel,16,16,256,0.8882088710111745,19.41337788218593,8.490505342513083,0.07408229205380683,0.1027252690787359,0.08232682762154812,0.03714314030323116,0.9955906079041456,HanChuan,9
block2_spa,2,spa,per_channel,64,16,1024,0.5873021629063869,23.829230063295757,8.46539636841165,0.10565299214149679,0.13784495386927165,0.10904908984503772,0.05221429740721363,0.9920478463297899,HanChuan,9
block2_spe,2,spe,per_channel,16,16,256,0.9114852784891823,18.069158306194158,8.554378409729354,0.06634964059399917,0.08805639456285208,0.06678493642189155,0.03247683660176083,0.9962157411926168,HanChuan,9
block0_spa,0,spa,shared,64,16,16,0.8607224129832916,11.558003706347794,6.754895455298998,6.081878053419327e-16,1.622833233695021e-15,6.730426829966079e-16,0.0,1.0,HongHu,0
block0_spe,0,spe,shared,16,16,16,0.9293139907101441,15.691654420220392,8.270544517106565,2.0313640687304598e-16,3.725646678410798e-16,2.259763620257144e-16,0.0,1.0,HongHu,0
block1_spa,1,spa,shared,64,16,16,0.8543114274272575,15.002017905471494,7.827323909079302,9.740509754180694e-16,1.749281404391288e-15,1.1374014203490239e-15,0.0,1.0,HongHu,0
block1_spe,1,spe,shared,16,16,16,0.9553550009315547,16.215832704814474,8.564306218108623,2.2132282952670446e-16,4.3817838324709654e-16,2.740949870207887e-16,0.0,1.0,HongHu,0
block2_spa,2,spa,shared,64,16,16,1.0108030422427419,15.400706506169145,8.364287324133866,8.069252334935202e-16,1.403989668431277e-15,1.0819477980856546e-15,0.0,1.0,HongHu,0
block2_spe,2,spe,shared,16,16,16,0.9916093951884488,16.309345249502794,8.318519954665653,1.8157918942118079e-16,3.7157937148199924e-16,2.43993777355104e-16,0.0,1.0,HongHu,0
block0_spa,0,spa,shared,64,16,16,0.9489393726953103,11.49283255673944,6.620023919430038,8.094247275151384e-16,1.754943028876146e-15,8.811183699580475e-16,0.0,1.0,HongHu,1
block0_spe,0,spe,shared,16,16,16,0.9725418440852881,15.309209720863564,8.30036322388995,1.9910195495278546e-16,4.641276386669157e-16,2.898119390219927e-16,0.0,1.0,HongHu,1
block1_spa,1,spa,shared,64,16,16,0.7605245111346497,14.928631193751533,7.482471180758791,7.193217364093256e-16,1.6176247541206867e-15,9.366145169339458e-16,0.0,1.0,HongHu,1
block1_spe,1,spe,shared,16,16,16,1.019909932514636,15.498842336616015,8.145776975398983,2.268072714139976e-16,4.380059382721288e-16,2.8544666241110577e-16,0.0,1.0,HongHu,1
block2_spa,2,spa,shared,64,16,16,0.9476532445655843,18.30623263244007,8.733844686325131,6.955534898757961e-16,1.7466413626003743e-15,1.0920047179851504e-15,0.0,1.0,HongHu,1
block2_spe,2,spe,shared,16,16,16,1.0110897323428145,16.46255769258766,8.63595557688479,1.9643258351912755e-16,4.0720962564946315e-16,2.356321507813881e-16,0.0,1.0,HongHu,1
block0_spa,0,spa,shared,64,16,16,0.8182738037431719,13.901133805882404,6.900857205063738,7.96270053229661e-16,1.6634869505711768e-15,8.074622959989035e-16,0.0,1.0,HongHu,2
block0_spe,0,spe,shared,16,16,16,0.9852308403593533,16.25498218738495,8.648171442165019,1.5284712122419703e-16,4.886293019250282e-16,2.5377864848798163e-16,0.0,1.0,HongHu,2
block1_spa,1,spa,shared,64,16,16,0.735348431070699,15.638664205777019,7.456095907356929,8.277942618353933e-16,1.6952663218974084e-15,9.552207584520532e-16,0.0,1.0,HongHu,2
block1_spe,1,spe,shared,16,16,16,0.9759964405030307,14.937496389919865,7.739781367375672,1.476822487300941e-16,3.5675794517995143e-16,2.1136206356562129e-16,0.0,1.0,HongHu,2
block2_spa,2,spa,shared,64,16,16,0.9091164228690313,15.829369542648594,8.22870603091871,7.086112465329248e-16,1.6229391776639457e-15,6.997147465951365e-16,0.0,1.0,HongHu,2
block2_spe,2,spe,shared,16,16,16,0.975873639445775,14.638897572791526,8.265129661539964,1.497027432150129e-16,4.861101349855633e-16,2.269654910245931e-16,0.0,1.0,HongHu,2
block0_spa,0,spa,shared,64,16,16,0.8409782795036309,14.95291798333903,6.920058132194991,5.228409131711608e-16,1.265913966370677e-15,8.340119984433684e-16,0.0,1.0,HongHu,3
block0_spe,0,spe,shared,16,16,16,0.9368553577489329,17.87095987415983,8.34707000917389,1.8090842139789207e-16,3.9043705784496614e-16,2.317726451777028e-16,0.0,1.0,HongHu,3
block1_spa,1,spa,shared,64,16,16,0.8094392682204428,15.48090507975684,7.780287225717643,8.997757566077482e-16,1.7211753740319576e-15,1.1871567048617099e-15,0.0,1.0,HongHu,3
block1_spe,1,spe,shared,16,16,16,0.9333879051805987,16.19267165704917,8.483359455669401,1.822931601879476e-16,3.997099263199732e-16,1.99664903635157e-16,0.0,1.0,HongHu,3
block2_spa,2,spa,shared,64,16,16,0.9017462545310454,15.441502900037962,7.8613962529353545,8.372812647512308e-16,1.7255673080201412e-15,1.2874169893387086e-15,0.0,1.0,HongHu,3
block2_spe,2,spe,shared,16,16,16,0.9931997155017902,16.21478114453607,8.631887113965963,1.7225004943035933e-16,4.1143533557544513e-16,2.525697667577376e-16,0.0,1.0,HongHu,3
block0_spa,0,spa,shared,64,16,16,0.842402291223228,12.629713184265531,6.868971865871515,7.858914977194654e-16,1.458725414394137e-15,1.02799521497497e-15,0.0,1.0,HongHu,4
block0_spe,0,spe,shared,16,16,16,1.0322054433796206,16.464096356496835,8.432149732660985,1.931625426413508e-16,4.923476751704343e-16,2.5133521606296624e-16,0.0,1.0,HongHu,4
block1_spa,1,spa,shared,64,16,16,0.9014086442708167,15.338060922967552,8.16409077115899,8.093716125619177e-16,1.6293169386123079e-15,9.826562843441808e-16,0.0,1.0,HongHu,4
block1_spe,1,spe,shared,16,16,16,0.8553720553291567,15.27385655361973,8.153349352597168,1.6067415241878245e-16,3.65637896340492e-16,2.573878951287273e-16,0.0,1.0,HongHu,4
block2_spa,2,spa,shared,64,16,16,0.854580637866654,15.272753197407289,8.199776998211181,4.379628514210551e-16,1.186064841548647e-15,5.968823031489708e-16,0.0,1.0,HongHu,4
block2_spe,2,spe,shared,16,16,16,0.9541009124896327,14.904543758739022,7.974294225082567,1.6400057563539704e-16,4.656815869689817e-16,2.7099895540949253e-16,0.0,1.0,HongHu,4
block0_spa,0,spa,shared,64,16,16,0.8764304118063914,12.140627514668212,6.49571889739115,7.420110848100516e-16,1.4631507615681868e-15,1.0002103643307104e-15,0.0,1.0,HongHu,5
block0_spe,0,spe,shared,16,16,16,1.025559787608535,14.287655792182521,7.765447455718903,1.5701086387045936e-16,4.391035529281638e-16,2.0792311507847997e-16,0.0,1.0,HongHu,5
block1_spa,1,spa,shared,64,16,16,0.8319207415419404,13.145899516672566,7.170488833721253,7.568709114889637e-16,1.6121346018833299e-15,8.716604804828301e-16,0.0,1.0,HongHu,5
block1_spe,1,spe,shared,16,16,16,1.0133864447153278,17.147128589976475,8.748055949389219,2.2673595473439694e-16,4.773590131473546e-16,3.00347523068128e-16,0.0,1.0,HongHu,5
block2_spa,2,spa,shared,64,16,16,0.8832809845986536,16.00469288762487,8.108615303309115,9.284210135666488e-16,1.557680775237268e-15,9.66604616829296e-16,0.0,1.0,HongHu,5
block2_spe,2,spe,shared,16,16,16,0.7539353335243352,16.989768711932033,8.136241514710088,2.0559409262197915e-16,3.7752332939919383e-16,2.438352943139384e-16,0.0,1.0,HongHu,5
block0_spa,0,spa,shared,64,16,16,0.8477555125281843,14.708128035398436,7.043719194414277,6.71618919948684e-16,1.4405631211357918e-15,6.649568121520957e-16,0.0,1.0,HongHu,6
block0_spe,0,spe,shared,16,16,16,0.912702225781825,15.921773247837404,7.991063080770904,1.949362342087874e-16,4.1148183467735633e-16,2.317502319955405e-16,0.0,1.0,HongHu,6
block1_spa,1,spa,shared,64,16,16,0.9134213948423289,14.04064823006331,7.149437192031833,5.98933070930785e-16,1.2872823415111008e-15,7.071093778725949e-16,0.0,1.0,HongHu,6
block1_spe,1,spe,shared,16,16,16,0.8607988835815971,15.441057439980598,8.23673235737294,1.7813995148214843e-16,3.869276711904273e-16,2.0490616660356007e-16,0.0,1.0,HongHu,6
block2_spa,2,spa,shared,64,16,16,0.9024330021832976,14.265650104698308,8.010915916900167,8.493261322151744e-16,1.6454659178819927e-15,9.352568527532864e-16,0.0,1.0,HongHu,6
block2_spe,2,spe,shared,16,16,16,1.0837235912789966,14.846468306437957,8.02010273400434,1.5111302329056716e-16,3.7324560502669506e-16,2.0662572916147692e-16,0.0,1.0,HongHu,6
block0_spa,0,spa,shared,64,16,16,0.8367445478931907,13.558193523104682,7.2240800904845575,6.976632735803353e-16,1.540028050773279e-15,9.334906331273892e-16,0.0,1.0,HongHu,7
block0_spe,0,spe,shared,16,16,16,1.0126414325391835,16.518914595145606,8.314635619608246,1.5654933221844526e-16,4.351576001546625e-16,1.8187245645461416e-16,0.0,1.0,HongHu,7
block1_spa,1,spa,shared,64,16,16,0.9467571142249566,14.814302787573684,7.549935110340202,7.580942912966841e-16,1.3930772266293822e-15,9.442415854660833e-16,0.0,1.0,HongHu,7
block1_spe,1,spe,shared,16,16,16,0.9581760257748182,15.20375018289122,8.083307991605418,2.368164932714489e-16,3.5051026582885823e-16,2.7567347557931595e-16,0.0,1.0,HongHu,7
block2_spa,2,spa,shared,64,16,16,1.0166012845783028,16.49769229940147,8.227688072108322,6.597219949006998e-16,1.5749363210968878e-15,6.343557042877031e-16,0.0,1.0,HongHu,7
block2_spe,2,spe,shared,16,16,16,0.9299469701855893,17.08163031334994,8.587216213062305,2.443765150578136e-16,3.902427466207702e-16,2.6476686857667556e-16,0.0,1.0,HongHu,7
block0_spa,0,spa,shared,64,16,16,0.8721763041056072,13.82608619455346,7.2527697488406115,6.98624138151249e-16,1.7029650393868392e-15,8.840962451180524e-16,0.0,1.0,HongHu,8
block0_spe,0,spe,shared,16,16,16,0.9779562051258965,16.04904440474447,8.310621801816637,2.3357832480973705e-16,4.540992812586053e-16,2.7461289119302024e-16,0.0,1.0,HongHu,8
block1_spa,1,spa,shared,64,16,16,0.8784897376933474,13.781672820307845,7.60888251186608,8.935457182525026e-16,1.6855614536073302e-15,1.17604494105863e-15,0.0,1.0,HongHu,8
block1_spe,1,spe,shared,16,16,16,0.9364465726835309,16.33511101422078,8.459201021156467,1.8543422607150968e-16,3.4911287625120823e-16,2.2302638367078945e-16,0.0,1.0,HongHu,8
block2_spa,2,spa,shared,64,16,16,0.9450810187671996,13.644676392922488,7.340480283254858,7.901660143780006e-16,1.5637557412180316e-15,1.0942853791618009e-15,0.0,1.0,HongHu,8
block2_spe,2,spe,shared,16,16,16,0.9077258695667916,16.05794322852261,8.420071011757717,2.009156869036044e-16,3.8663030850566525e-16,2.5350767030493e-16,0.0,1.0,HongHu,8
block0_spa,0,spa,shared,64,16,16,0.9231647961989916,13.187795525820986,6.786870278705819,8.040917091999344e-16,1.666348371180646e-15,7.282724841767324e-16,0.0,1.0,HongHu,9
block0_spe,0,spe,shared,16,16,16,0.8992043663519889,16.63112928566341,8.273809852934978,1.5291784047868772e-16,4.938690540969042e-16,1.9242614099039804e-16,0.0,1.0,HongHu,9
block1_spa,1,spa,shared,64,16,16,0.9174663244868265,14.915766444894848,7.54395818224822,9.083246254580478e-16,1.581485057113586e-15,1.164742396044487e-15,0.0,1.0,HongHu,9
block1_spe,1,spe,shared,16,16,16,0.9539168493463558,15.115852363768475,8.057970340677114,1.4763085241969262e-16,3.8826543885615e-16,2.1616010363049334e-16,0.0,1.0,HongHu,9
block2_spa,2,spa,shared,64,16,16,0.9449981979017926,17.99136825135332,8.126339744527769,7.72709086618548e-16,1.7772090850733e-15,9.862477153976459e-16,0.0,1.0,HongHu,9
block2_spe,2,spe,shared,16,16,16,0.9063477411944546,16.38262392301627,8.685263436213983,1.8539398428907437e-16,4.3788638283472134e-16,2.5151122253129036e-16,0.0,1.0,HongHu,9
block0_spa,0,spa,per_channel,64,16,1024,0.6595224531900072,17.644683548612573,8.110545035637996,0.11524874069166396,0.13439644799452424,0.10646295736967476,0.05854336817523177,0.9943888356408874,HongHu,0
block0_spe,0,spe,per_channel,16,16,256,0.8949181776812787,19.57990908803253,8.500022262452813,0.07504714293987096,0.11430627309189087,0.07617067786170803,0.037584331394466604,0.9958256371403298,HongHu,0
block1_spa,1,spa,per_channel,64,16,1024,0.6320008123537021,21.38854465267463,8.427567682666998,0.11979377084948278,0.1547709692693167,0.12025254444805747,0.061212004920269465,0.9889799288848269,HongHu,0
block1_spe,1,spe,per_channel,16,16,256,0.9278791252084245,18.75997742900701,8.525741979556129,0.07460812981653026,0.135851080201571,0.07585029179713228,0.03791830860517815,0.995047868238275,HongHu,0
block2_spa,2,spa,per_channel,64,16,1024,0.720994248528257,24.743170202320815,8.701041057198967,0.12992939953239613,0.1597373549623403,0.1337003662697569,0.062023567846826055,0.9874014289971882,HongHu,0
block2_spe,2,spe,per_channel,16,16,256,0.873090354470705,17.046308760448316,8.472953640942112,0.07087367039951036,0.10125319654034484,0.07095196384086593,0.0351065993408405,0.9952418147201225,HongHu,0
block0_spa,0,spa,per_channel,64,16,1024,0.6787183674811051,17.76409252195891,7.947582234938462,0.11551551689165886,0.1262342102680874,0.1133046271795946,0.06233229239942427,0.9984005685314499,HongHu,1
block0_spe,0,spe,per_channel,16,16,256,0.9607296867986088,17.987679679767623,8.482924659751214,0.0593310324773983,0.09889258878117047,0.07178824952117832,0.02998154763745275,0.9955245953798156,HongHu,1
block1_spa,1,spa,per_channel,64,16,1024,0.6812223515316888,21.11841959103268,8.4093299802405,0.11975797421333682,0.1653009293526064,0.12081650771942352,0.0605414058274826,0.9895366703796254,HongHu,1
block1_spe,1,spe,per_channel,16,16,256,0.8321633656881607,19.215304544692675,8.433327814674422,0.09059144358335439,0.16569217066929323,0.09728761809905985,0.047401669999380586,0.992254899432302,HongHu,1
block2_spa,2,spa,per_channel,64,16,1024,0.7524798263206404,24.744550660995127,8.686503278666999,0.10945350302147813,0.1511492833755771,0.11959898783035632,0.053149505908449954,0.991908350053983,HongHu,1
block2_spe,2,spe,per_channel,16,16,256,0.9205448438632394,17.798384837227115,8.50811145993738,0.057410345212598635,0.09855007349288084,0.06699901224522836,0.028913315258211385,0.9962686727047965,HongHu,1
block0_spa,0,spa,per_channel,64,16,1024,0.6348840149639682,18.610449440109985,8.083205685259625,0.11131200038404396,0.14372971293673104,0.1040277653287093,0.05750353660940264,0.9940124629177426,HongHu,2
block0_spe,0,spe,per_channel,16,16,256,0.9480048271511439,17.669757169119197,8.519328544315389,0.043252255454773056,0.054190435992502256,0.04498376388351116,0.021237944301789425,0.9983387834384069,HongHu,2
block1_spa,1,spa,per_channel,64,16,1024,0.6201566119464718,20.233168547229464,8.309612705049851,0.10840758720029342,0.13525680530500547,0.10024867784799178,0.05533034339453029,0.9920391808516781,HongHu,2
block1_spe,1,spe,per_channel,16,16,256,0.9096350576570014,17.55214145065036,8.373565620130297,0.05763707142736807,0.08076264639232494,0.06109131990367946,0.028639756625146322,0.9980797260702199,HongHu,2
block2_spa,2,spa,per_channel,64,16,1024,0.794547297576899,22.72872561333389,8.50633592962539,0.09803068180641387,0.13908688972597533,0.10774025300955875,0.04814654597831127,0.9909705675615594,HongHu,2
block2_spe,2,spe,per_channel,16,16,256,0.8450314715700348,18.41599263221604,8.50540622686645,0.06932569228956678,0.1005322370469523,0.06660673426323663,0.03386874467492522,0.9961759382792725,HongHu,2
block0_spa,0,spa,per_channel,64,16,1024,0.5565966918535674,21.560409016999532,8.299662826690684,0.13317861625831945,0.1566973645895552,0.12378427624146668,0.06870810797914138,0.9868951530869954,HongHu,3
block0_spe,0,spe,per_channel,16,16,256,0.919607312914295,18.92869592149052,8.484848625508777,0.05213249933517098,0.0826937063744669,0.0602478328035613,0.02641545922250783,0.996521664035953,HongHu,3
block1_spa,1,spa,per_channel,64,16,1024,0.630552736819779,27.75933441131385,8.262915091435854,0.11952987967170943,0.1490701629025624,0.11773239442504936,0.061794335550837416,0.9882885815957928,HongHu,3
block1_spe,1,spe,per_channel,16,16,256,0.8595116283482338,19.390605094821865,8.519989512175865,0.06399411226813795,0.08982674902189552,0.06242694492462951,0.031076345582000914,0.996579129058076,HongHu,3
block2_spa,2,spa,per_channel,64,16,1024,0.6922809559337804,24.229035713726738,8.458680113990432,0.1180751995041861,0.14407390160732603,0.11702149283990186,0.05847527680900245,0.9884614063002861,HongHu,3
block2_spe,2,spe,per_channel,16,16,256,0.9109185341863071,19.395529300710294,8.613810170082296,0.1044149694111016,0.1857209358131595,0.09803629658427551,0.051252795663033555,0.9921076599268666,HongHu,3
block0_spa,0,spa,per_channel,64,16,1024,0.629588021056914,17.240658985794056,7.972718360704629,0.10947484959115363,0.12794602628726182,0.10182704166133097,0.05755514648270388,0.9989190268535963,HongHu,4
block0_spe,0,spe,per_channel,16,16,256,0.9532467411408775,17.10711921448019,8.49529479006043,0.03780445813728859,0.0570344720772947,0.03826947079376725,0.018737687591669813,0.9987618394067395,HongHu,4
block1_spa,1,spa,per_channel,64,16,1024,0.6701696513726126,21.734110366016974,8.289679151331892,0.10745515088644217,0.13072920768706303,0.10397835618552231,0.05427052401980256,0.9915852544023873,HongHu,4
block1_spe,1,spe,per_channel,16,16,256,0.8510296298943435,17.30349523561004,8.468931581755648,0.07499623186839584,0.13751645312558555,0.08558887989437342,0.04054930374087244,0.9954647523524754,HongHu,4
block2_spa,2,spa,per_channel,64,16,1024,0.5745571508473644,20.101614450330928,8.428560597273975,0.11059026081366147,0.15525780352323026,0.11943606899119666,0.056590431763634104,0.989848764428246,HongHu,4
block2_spe,2,spe,per_channel,16,16,256,0.9704984240820729,17.527017431203266,8.494019148418568,0.05866478981602462,0.07939677950059053,0.06058835903204865,0.029227323508833697,0.9969580324445757,HongHu,4
block0_spa,0,spa,per_channel,64,16,1024,0.6916204211102147,19.97109187935307,8.005934748346418,0.11853894008205375,0.1458392510495674,0.1151842524151528,0.062330676777647406,0.997579557383515,HongHu,5
block0_spe,0,spe,per_channel,16,16,256,0.9252244373693893,18.160940420819465,8.443962377255236,0.07638475330601384,0.12151110137358603,0.09597704351755175,0.04052032801712253,0.9950668687584043,HongHu,5
block1_spa,1,spa,per_channel,64,16,1024,0.575988061001973,26.397131480459294,8.299724290087923,0.14419255922380078,0.17415836968090595,0.151123370705741,0.07472987204906505,0.9796770514571755,HongHu,5
block1_spe,1,spe,per_channel,16,16,256,0.9240408573960711,19.068397415732765,8.505110324437743,0.0766071142788636,0.11009502458042053,0.08292103482525687,0.039613071736732515,0.9940849399637777,HongHu,5
block2_spa,2,spa,per_channel,64,16,1024,0.6886524288884948,22.48810639169928,8.584006178416436,0.0976865648987254,0.1323011761134506,0.10048116173697348,0.04805150403569327,0.9921951682168878,HongHu,5
block2_spe,2,spe,per_channel,16,16,256,0.748645893328211,19.976677875696833,8.517766422447414,0.08814616300896796,0.12064279233982753,0.09380870125095979,0.04390554665445213,0.9924891417641921,HongHu,5
block0_spa,0,spa,per_channel,64,16,1024,0.6718147941520007,18.91945113954508,8.238838399818134,0.09115064809280429,0.11136325132217469,0.08571503885342793,0.04514337050187501,0.9945911299658197,HongHu,6
block0_spe,0,spe,per_channel,16,16,256,0.8819719964252438,17.611480946086942,8.344255434270629,0.054361731285078416,0.08982310216802283,0.06645133766256073,0.028478226495236184,0.9979509366037675,HongHu,6
block1_spa,1,spa,per_channel,64,16,1024,0.8168749740977219,19.763261412090714,8.172026450363713,0.09437619348242035,0.11348204309238064,0.09015630988649134,0.04815848707372448,0.9952422101626294,HongHu,6
block1_spe,1,spe,per_channel,16,16,256,0.7529730605890691,18.843705316353628,8.497198561830967,0.06897546455270502,0.12624609054791894,0.07838007375169255,0.03647012832698811,0.9946325358833605,HongHu,6
block2_spa,2,spa,per_channel,64,16,1024,0.8052085211143694,18.96826165562287,8.357477058614725,0.07526086295521163,0.09043478268069484,0.0754710334783029,0.03725154169682917,0.9962966718228259,HongHu,6
block2_spe,2,spe,per_channel,16,16,256,0.9335542664254657,18.635255906809153,8.590323991353388,0.06689297957015883,0.08484243939911568,0.0713013086241621,0.033066398541686054,0.9961707383670748,HongHu,6
block0_spa,0,spa,per_channel,64,16,1024,0.5456329432064548,19.360361396927118,7.953980499669894,0.13351632071741576,0.15986868166041998,0.12554140767881042,0.06992269671851045,0.9936728157287545,HongHu,7
block0_spe,0,spe,per_channel,16,16,256,0.8988408059716186,18.216026587521743,8.440216936213574,0.05468549658042275,0.08759588791978912,0.06924429349255999,0.02840848720359264,0.9963562662600235,HongHu,7
block1_spa,1,spa,per_channel,64,16,1024,0.5765403428223496,23.831389066941785,8.326778940617473,0.14262579661269584,0.1694645446840172,0.1391580055705185,0.07179307524927618,0.9826736020415324,HongHu,7
block1_spe,1,spe,per_channel,16,16,256,0.8815340293546882,18.578817808517353,8.449958094770636,0.06579783085699112,0.1079215073470905,0.07864586841800517,0.03410055237093059,0.9976248269033998,HongHu,7
block2_spa,2,spa,per_channel,64,16,1024,0.6349761859330327,22.521899001952068,8.572939362450857,0.11332749723384951,0.13959079273613392,0.11229774725245883,0.056235149561711176,0.9907646659301084,HongHu,7
block2_spe,2,spe,per_channel,16,16,256,0.8371043404511829,20.362786998635244,8.50695052327601,0.07672326750048444,0.1247059380388328,0.08343792698702361,0.03773527557415314,0.9940040023806925,HongHu,7
block0_spa,0,spa,per_channel,64,16,1024,0.694203719819552,18.462456613348106,8.191841055340483,0.10399077245203248,0.1297742262532273,0.09951335965395153,0.05300219437582614,0.9939366599002022,HongHu,8
block0_spe,0,spe,per_channel,16,16,256,0.9348395221280744,19.4036928274892,8.587742248088174,0.06489265635236241,0.11496441110584953,0.0746933648776457,0.03314117935887604,0.9964738235127881,HongHu,8
block1_spa,1,spa,per_channel,64,16,1024,0.7742154447287287,21.149155580018864,8.378009000985944,0.09864642807409753,0.11757116528722451,0.0976349512898534,0.048924054708813024,0.9926553731617456,HongHu,8
block1_spe,1,spe,per_channel,16,16,256,0.8835490742006944,18.18554227338195,8.494697196841841,0.06808137524372321,0.10762438058552969,0.06956159126217727,0.0334954402822437,0.9960039117926521,HongHu,8
block2_spa,2,spa,per_channel,64,16,1024,0.7160938234558318,18.003829204259375,8.17000900267408,0.10924750659120429,0.14823912429270447,0.1108004868909116,0.05736150404499365,0.9922135366674383,HongHu,8
block2_spe,2,spe,per_channel,16,16,256,0.9035229987742188,17.59475206398677,8.528312538687063,0.048102772219483114,0.07751596338549036,0.0480703883444428,0.02407092838105245,0.9979209911167602,HongHu,8
block0_spa,0,spa,per_channel,64,16,1024,0.6513961891799683,20.23360270858411,8.00790109454628,0.11994616015269012,0.1441711794819142,0.1097257134119144,0.06356869070727231,0.9950104358340334,HongHu,9
block0_spe,0,spe,per_channel,16,16,256,0.843379890513426,17.632878954304463,8.456700965890004,0.05165011653637048,0.08801654008232998,0.05721022117775806,0.026539292113355793,0.9970868493106092,HongHu,9
block1_spa,1,spa,per_channel,64,16,1024,0.7952541919510971,17.660188283065086,8.294849270102038,0.10407955485691736,0.13902581991048035,0.09092787714543515,0.054285296437827375,0.9941902879445473,HongHu,9
block1_spe,1,spe,per_channel,16,16,256,0.9088716296560162,17.933540584946144,8.35181975513139,0.05120492878172594,0.06897298563188872,0.053141460542978594,0.025480675610940917,0.9976019569881521,HongHu,9
block2_spa,2,spa,per_channel,64,16,1024,0.7996285733320972,22.569825626416286,8.3694736176388,0.08852737519471408,0.1253303644754661,0.09178691139742005,0.04459862868840906,0.99275774832579,HongHu,9
block2_spe,2,spe,per_channel,16,16,256,0.8818618830722811,17.53010581177958,8.510283589412998,0.04963601860323836,0.08553760251073861,0.050934301292812276,0.024860046882427454,0.9975838785883819,HongHu,9
block0_spa,0,spa,shared,64,16,16,0.9812134479687725,15.265021016925719,8.034786415207005,7.103270562452358e-16,1.1636779519862042e-15,8.270796269166581e-16,0.0,1.0,Houston,0
block0_spe,0,spe,shared,16,16,16,0.9810374553381321,14.831909691270273,8.067290398431386,2.2967878729370838e-16,4.031577298998203e-16,2.5977745219236004e-16,0.0,1.0,Houston,0
block1_spa,1,spa,shared,64,16,16,1.0224544884197306,15.712270640511658,8.028975013660036,6.434922965448379e-16,1.3360442970331493e-15,8.961142911011263e-16,0.0,1.0,Houston,0
block1_spe,1,spe,shared,16,16,16,0.9169975387430879,15.597956790742161,8.494122312470328,1.656520738730811e-16,3.4745959325657663e-16,2.0531689288273576e-16,0.0,1.0,Houston,0
block2_spa,2,spa,shared,64,16,16,0.9181946382044893,15.362834319792551,8.391189893409845,8.737165951475686e-16,1.5701716138680317e-15,8.589354726529229e-16,0.0,1.0,Houston,0
block2_spe,2,spe,shared,16,16,16,1.016748682979166,17.12498897167124,8.51161437510214,1.5591451838298673e-16,4.096301628235354e-16,2.597453141993353e-16,0.0,1.0,Houston,0
block0_spa,0,spa,shared,64,16,16,0.9677731744999241,15.491708524587132,8.316459057802234,6.621694548840478e-16,1.520570764232073e-15,7.175989822039735e-16,0.0,1.0,Houston,1
block0_spe,0,spe,shared,16,16,16,1.0741174900540533,16.26297153451767,8.529897023696531,1.904157509211264e-16,3.9785610570214875e-16,2.4586107303457575e-16,0.0,1.0,Houston,1
block1_spa,1,spa,shared,64,16,16,0.865328561884567,16.497200637183283,8.100118981211804,7.786928762424505e-16,1.4396100984745e-15,9.514229189506821e-16,0.0,1.0,Houston,1
block1_spe,1,spe,shared,16,16,16,1.0029508390941784,15.073626892137689,8.219627929556392,2.599376503021545e-16,4.88443522456479e-16,3.158704782404957e-16,0.0,1.0,Houston,1
block2_spa,2,spa,shared,64,16,16,0.8703383115292764,14.701578995101775,7.967437616715773,7.958138351677736e-16,1.3291038493153036e-15,9.814939632566667e-16,0.0,1.0,Houston,1
block2_spe,2,spe,shared,16,16,16,0.9873623163795473,15.973121478812782,8.52385814354177,1.9903796143668696e-16,4.007882415335162e-16,2.5594269150917737e-16,0.0,1.0,Houston,1
block0_spa,0,spa,shared,64,16,16,0.9910703034873478,15.573602528603638,8.12673635501222,7.68173155370259e-16,1.2832496286979211e-15,8.907834854394849e-16,0.0,1.0,Houston,2
block0_spe,0,spe,shared,16,16,16,1.0580782013256937,15.642005341732828,8.335809469000104,2.1991581289856009e-16,3.634089881778747e-16,2.612436124249948e-16,0.0,1.0,Houston,2
block1_spa,1,spa,shared,64,16,16,0.8793466810145829,15.623783197741568,8.11303106443791,1.0083825513637279e-15,1.7661643443873794e-15,1.0008631596346033e-15,0.0,1.0,Houston,2
block1_spe,1,spe,shared,16,16,16,1.0014750620868735,15.082430758415388,8.14311593724614,1.838532660622878e-16,3.800180158889822e-16,2.474712534300869e-16,0.0,1.0,Houston,2
block2_spa,2,spa,shared,64,16,16,0.9373632220376891,18.421604820696007,8.62520175568749,8.548047558155586e-16,1.7029156881328146e-15,1.1151936282367918e-15,0.0,1.0,Houston,2
block2_spe,2,spe,shared,16,16,16,1.0307950053240469,16.576954359201157,8.547529143789575,1.2579088587144573e-16,3.8517339325402115e-16,1.7086419652632362e-16,0.0,1.0,Houston,2
block0_spa,0,spa,shared,64,16,16,1.0105726243711668,14.858734801393588,8.088169572371765,8.431776318031682e-16,1.4667643598059765e-15,9.331323801994883e-16,0.0,1.0,Houston,3
block0_spe,0,spe,shared,16,16,16,0.9930851237990201,16.36380819275115,8.56786356118378,2.2174161778417556e-16,4.4262572765924265e-16,2.3349178393811704e-16,0.0,1.0,Houston,3
block1_spa,1,spa,shared,64,16,16,0.9989142146814808,15.74172005222761,8.143050619773977,7.881570811622805e-16,1.6671446981748575e-15,7.144521043743134e-16,0.0,1.0,Houston,3
block1_spe,1,spe,shared,16,16,16,1.0241006437652327,15.854872218917931,8.385284139018317,1.312972290955895e-16,3.3957452572991795e-16,1.8465509295524864e-16,0.0,1.0,Houston,3
block2_spa,2,spa,shared,64,16,16,0.8882324236173071,17.01103996702798,8.324004969975777,8.578595151112863e-16,1.680121331183541e-15,8.892804014251755e-16,0.0,1.0,Houston,3
block2_spe,2,spe,shared,16,16,16,0.9854009225456184,16.157450849006995,8.481522509423051,2.6568219181527673e-16,4.688237143655724e-16,3.1946511202510538e-16,0.0,1.0,Houston,3
block0_spa,0,spa,shared,64,16,16,0.9413862076451063,15.577516560508233,8.184888247839941,7.768589938993155e-16,1.7572022110970078e-15,7.909532697858221e-16,0.0,1.0,Houston,4
block0_spe,0,spe,shared,16,16,16,0.9533963829126972,16.20479472230841,8.256177331644476,1.560025062367019e-16,3.4934777743754677e-16,1.523230278391107e-16,0.0,1.0,Houston,4
block1_spa,1,spa,shared,64,16,16,0.945864414102597,15.784962719483936,8.117531222234362,5.601967734316279e-16,1.1411891475918911e-15,6.438400274831178e-16,0.0,1.0,Houston,4
block1_spe,1,spe,shared,16,16,16,0.8761558849271913,15.531816483054245,8.433977523406643,2.4356861857947804e-16,4.871252992101447e-16,2.9471323058822446e-16,0.0,1.0,Houston,4
block2_spa,2,spa,shared,64,16,16,0.9591308276733476,15.867404407723456,8.32483595863049,8.05448505037371e-16,1.6702854669658652e-15,1.0745798941923236e-15,0.0,1.0,Houston,4
block2_spe,2,spe,shared,16,16,16,0.9456329371049174,15.458089782210013,8.289069390367839,1.7523625400903391e-16,3.74927664559168e-16,1.7587717546275052e-16,0.0,1.0,Houston,4
block0_spa,0,spa,shared,64,16,16,0.8891399356702843,16.14828127687702,8.105888867421378,5.296278522596409e-16,1.4652502096782913e-15,6.702247225400767e-16,0.0,1.0,Houston,5
block0_spe,0,spe,shared,16,16,16,1.0130491611699872,15.26184409494457,8.246958629191258,2.1524196649949658e-16,4.447905222828776e-16,2.1745713551613264e-16,0.0,1.0,Houston,5
block1_spa,1,spa,shared,64,16,16,0.9238939508386727,15.785952532180925,8.141259916736015,9.459523160431612e-16,1.6067159551750003e-15,1.1854967291525672e-15,0.0,1.0,Houston,5
block1_spe,1,spe,shared,16,16,16,0.9575265463887699,16.287398058933626,8.331396802685905,1.8321681912750557e-16,4.055871622436447e-16,2.2772469683995537e-16,0.0,1.0,Houston,5
block2_spa,2,spa,shared,64,16,16,0.9942555897295666,16.425359575096383,8.05012411717655,9.20927963156282e-16,1.778346715994751e-15,1.0655972790526493e-15,0.0,1.0,Houston,5
block2_spe,2,spe,shared,16,16,16,0.9620458510200522,16.556746954718136,8.346922582880437,1.8491552479786e-16,4.546742990452548e-16,1.7250213731488664e-16,0.0,1.0,Houston,5
block0_spa,0,spa,shared,64,16,16,0.923966306627456,16.235175010398574,8.405224486821453,7.777237343115174e-16,1.4635265017343807e-15,1.0316296946459953e-15,0.0,1.0,Houston,6
block0_spe,0,spe,shared,16,16,16,1.0453114428749237,15.849467602859345,8.168577408577397,1.513009748911109e-16,3.4844314282594345e-16,2.0983556916370115e-16,0.0,1.0,Houston,6
block1_spa,1,spa,shared,64,16,16,0.9843999470538886,15.376946182738006,7.964878732130492,7.513404923188722e-16,1.4849100244325636e-15,7.626473332844608e-16,0.0,1.0,Houston,6
block1_spe,1,spe,shared,16,16,16,1.0260688839028473,15.73774600142279,8.369097433834941,2.0861223593544348e-16,4.3280642929243213e-16,2.784684670944127e-16,0.0,1.0,Houston,6
block2_spa,2,spa,shared,64,16,16,1.0040568294233632,16.62280847559526,8.451968507385814,8.44547749507447e-16,1.69361845767498e-15,9.20952191609671e-16,0.0,1.0,Houston,6
block2_spe,2,spe,shared,16,16,16,1.015024442780857,15.896526799240796,8.148445413886915,1.672914654764164e-16,3.5246223406440767e-16,2.6306144125480906e-16,0.0,1.0,Houston,6
block0_spa,0,spa,shared,64,16,16,0.9975196494498756,15.22986430138314,8.074637726570291,6.434945627644811e-16,1.6356136731851136e-15,7.474621092632692e-16,0.0,1.0,Houston,7
block0_spe,0,spe,shared,16,16,16,0.9447910947790609,16.517169968927732,8.414812176744558,1.5109277093926241e-16,4.036766317647637e-16,2.035386017703747e-16,0.0,1.0,Houston,7
block1_spa,1,spa,shared,64,16,16,0.9875883223460189,16.694263300912958,8.242147446927138,8.193552389581731e-16,1.5991644256537483e-15,1.0300609065954269e-15,0.0,1.0,Houston,7
block1_spe,1,spe,shared,16,16,16,1.0145168513575578,15.80796648572059,8.589627378240571,1.8543669291630898e-16,4.168712508784277e-16,2.0726452147857608e-16,0.0,1.0,Houston,7
block2_spa,2,spa,shared,64,16,16,1.004343380512458,16.631157041878062,8.534683233550137,8.099180401053276e-16,1.5650143880059736e-15,8.246106114169658e-16,0.0,1.0,Houston,7
block2_spe,2,spe,shared,16,16,16,1.011994824340898,15.404202470364844,8.319808927735686,1.6548416496152288e-16,4.229135441135233e-16,2.318805473857301e-16,0.0,1.0,Houston,7
block0_spa,0,spa,shared,64,16,16,1.0573967088470462,16.685532976243813,8.268454831978747,7.844291127011396e-16,1.2776304185192384e-15,8.470115319240717e-16,0.0,1.0,Houston,8
block0_spe,0,spe,shared,16,16,16,0.9740859070539044,16.65668856709061,8.562410719028104,1.8069184308067597e-16,4.758721390380748e-16,2.368208190133221e-16,0.0,1.0,Houston,8
block1_spa,1,spa,shared,64,16,16,0.9838308614492958,15.65062250068087,8.026853721403587,9.097242787213424e-16,1.7969784034902454e-15,1.0755676093598351e-15,0.0,1.0,Houston,8
block1_spe,1,spe,shared,16,16,16,0.9457444953144736,16.070593784165297,8.379613015740759,1.9246838395482147e-16,4.4213844572452176e-16,2.7801920586081135e-16,0.0,1.0,Houston,8
block2_spa,2,spa,shared,64,16,16,0.8786051381813408,15.813375801037132,8.171580100320059,8.26474558565346e-16,1.366842133212865e-15,9.954821927335197e-16,0.0,1.0,Houston,8
block2_spe,2,spe,shared,16,16,16,0.9296877018006106,16.034694207519156,8.411339430255307,1.370413320058536e-16,3.963626526848236e-16,2.1646049453747286e-16,0.0,1.0,Houston,8
block0_spa,0,spa,shared,64,16,16,0.9672583611962587,15.025768487352169,7.957708975730321,8.134316147962011e-16,1.7232329354144968e-15,8.918140836365094e-16,0.0,1.0,Houston,9
block0_spe,0,spe,shared,16,16,16,0.998374903812585,15.296294171901335,8.285802813554916,1.6410206596989447e-16,4.071601631633284e-16,2.0622527066356377e-16,0.0,1.0,Houston,9
block1_spa,1,spa,shared,64,16,16,0.9608485848560335,15.2849783176529,7.947769601615133,6.891736481101532e-16,1.3945902722141562e-15,7.985622351301226e-16,0.0,1.0,Houston,9
block1_spe,1,spe,shared,16,16,16,0.9340213769478604,14.911105000690183,8.248497086477968,1.8922819046884247e-16,4.1543602893254944e-16,2.0256747236640238e-16,0.0,1.0,Houston,9
block2_spa,2,spa,shared,64,16,16,0.9463567848106599,18.031824827618905,8.289611885072608,6.979811412934314e-16,1.388101444596966e-15,8.950884205793533e-16,0.0,1.0,Houston,9
block2_spe,2,spe,shared,16,16,16,0.9861097371757139,16.006520767926865,8.566760175653203,2.1331827096941287e-16,4.4381739295691027e-16,2.525795600428195e-16,0.0,1.0,Houston,9
block0_spa,0,spa,per_channel,64,16,1024,0.7262875357701707,22.13415640208895,8.395344086915888,0.08166029111145852,0.10014042451460355,0.08302223262804694,0.040651992896930576,0.9951311395599588,Houston,0
block0_spe,0,spe,per_channel,16,16,256,0.9348714297828884,17.42442924865724,8.449439206117662,0.051023015264257746,0.08785508419515561,0.05923004841191772,0.02591218990288473,0.9978356968772344,Houston,0
block1_spa,1,spa,per_channel,64,16,1024,0.8787237356658336,20.439209716529763,8.449297590425193,0.08307942005210207,0.105789109302636,0.08490022928647897,0.04103090108038818,0.9944587451969739,Houston,0
block1_spe,1,spe,per_channel,16,16,256,0.8244635304046062,17.480336024270304,8.417911188817605,0.05457274130052247,0.08884392691874049,0.059405262927139886,0.028731031784300098,0.998143913114605,Houston,0
block2_spa,2,spa,per_channel,64,16,1024,0.6849746327532246,21.52696582341495,8.491328611504647,0.09336769306435344,0.12236315879099813,0.09552104764618731,0.046830387964676125,0.9920890592797431,Houston,0
block2_spe,2,spe,per_channel,16,16,256,0.8940038088291087,18.164092865678754,8.597519058490937,0.0651305459613649,0.11138339703699264,0.07523943068443492,0.03236053384826876,0.9950362708153749,Houston,0
block0_spa,0,spa,per_channel,64,16,1024,0.8111252652305624,19.50910390761938,8.578905759765112,0.0818366753316364,0.11043746008104151,0.07617479244505641,0.04026555624066724,0.996166885690518,Houston,1
block0_spe,0,spe,per_channel,16,16,256,0.9464851165021715,18.437401019288497,8.541816262613715,0.05052429436356329,0.07253213969479647,0.053900016351336726,0.02500100699813549,0.9973820167220756,Houston,1
block1_spa,1,spa,per_channel,64,16,1024,0.7789165983362887,19.663592422740876,8.454563026977066,0.08816573944088942,0.12252738090168463,0.08367665475752624,0.04411499860638785,0.9950752953167584,Houston,1
block1_spe,1,spe,per_channel,16,16,256,0.9287117418205633,16.221868897185875,8.396342149624624,0.05333301230082968,0.08878373727994131,0.058135236245754285,0.026846052382895478,0.9969170343526167,Houston,1
block2_spa,2,spa,per_channel,64,16,1024,0.7263397022267817,24.03866698230027,8.545237079378394,0.1046603204711528,0.1353647405874416,0.10845479869347303,0.05103622784789096,0.9920523380541166,Houston,1
block2_spe,2,spe,per_channel,16,16,256,0.9423160644753871,18.84465779058737,8.542311155114241,0.04154722528393272,0.06279631785564244,0.04852227796875979,0.020380063005832092,0.9978897008679435,Houston,1
block0_spa,0,spa,per_channel,64,16,1024,0.8636961123274035,21.10440170475305,8.459985966768485,0.08456277591760847,0.10423475379965866,0.08607772852379718,0.04202396875454992,0.994709755083124,Houston,2
block0_spe,0,spe,per_channel,16,16,256,0.8867792226202112,16.927769039923728,8.495497575940554,0.037160239760867436,0.05917839290337635,0.03787284152011862,0.018564658722431297,0.9986823762100298,Houston,2
block1_spa,1,spa,per_channel,64,16,1024,0.8149756398749101,21.701918881519138,8.499294274863317,0.09473919543880893,0.11808542851151295,0.09301120365116577,0.04644964585018622,0.9933276581625958,Houston,2
block1_spe,1,spe,per_channel,16,16,256,0.9481181804107357,17.260256616910617,8.500773862982282,0.03998216405589944,0.055579943520462326,0.04637589209219223,0.019938511191463858,0.9988735952549171,Houston,2
block2_spa,2,spa,per_channel,64,16,1024,0.8739448958474709,20.791410360419604,8.574300724867248,0.08747611967960378,0.11254944622957168,0.0874945423943463,0.043152435465868604,0.9947428726016917,Houston,2
block2_spe,2,spe,per_channel,16,16,256,0.8913678554773264,17.150280877295753,8.46545215827633,0.03871155125799794,0.05708547252846252,0.03752602358032027,0.019178464278127545,0.9987427090922476,Houston,2
block0_spa,0,spa,per_channel,64,16,1024,0.8059374623252404,23.975402707088325,8.622917692378497,0.1140377216621797,0.14053655889472164,0.12177658430220963,0.054506817582099854,0.9901750911345817,Houston,3
block0_spe,0,spe,per_channel,16,16,256,0.9178454741560337,16.817489809706302,8.501233155709443,0.039032871802001975,0.05506776356917948,0.04240438590862664,0.01979795654319113,0.99843543451303,Houston,3
block1_spa,1,spa,per_channel,64,16,1024,0.8294176401830172,22.47752511826723,8.46410816717722,0.0928549862100366,0.12129549338951186,0.09154053998876253,0.0455072112008558,0.9930987210072666,Houston,3
block1_spe,1,spe,per_channel,16,16,256,0.9327587131135292,17.3660926304588,8.456984184389432,0.04679368103735358,0.06439995832750305,0.04966530781945362,0.02324168774657481,0.9977372710169107,Houston,3
block2_spa,2,spa,per_channel,64,16,1024,0.7772285899887463,19.561231141411884,8.510197670796504,0.0880825996137327,0.11901030956928128,0.09020400423062473,0.04340300550635058,0.9937431344864617,Houston,3
block2_spe,2,spe,per_channel,16,16,256,0.9183369027076752,17.312846087089728,8.519849970581951,0.042911698857383385,0.06274318946748379,0.04669546975906697,0.021462378712293388,0.9979892213215514,Houston,3
block0_spa,0,spa,per_channel,64,16,1024,0.6682486877117516,17.822223603555393,8.392348999324366,0.09177013759305214,0.12265464283150286,0.08221759557474044,0.04614804736948864,0.9951495143013431,Houston,4
block0_spe,0,spe,per_channel,16,16,256,0.9119282877152842,17.350171817378943,8.46677960221583,0.048767860730230254,0.07026805871067288,0.04619451767211211,0.02436190247503507,0.9983913898426188,Houston,4
block1_spa,1,spa,per_channel,64,16,1024,0.6827636343830901,24.62047056563528,8.472754306451272,0.08783214368967455,0.11623029512047862,0.08898806699795227,0.04239914472067967,0.9948415409061145,Houston,4
block1_spe,1,spe,per_channel,16,16,256,0.8654519185103581,17.34758663292506,8.530738475207933,0.04209528987376547,0.06698590768662936,0.045064705814369256,0.02075259724089404,0.998140376278066,Houston,4
block2_spa,2,spa,per_channel,64,16,1024,0.8110623805249247,28.02032355257259,8.500941880776233,0.11682626672150448,0.16970270185559813,0.1259743814099775,0.058162261673031075,0.9854307787974971,Houston,4
block2_spe,2,spe,per_channel,16,16,256,0.9016555253055583,16.80605831170956,8.453733421754066,0.04240754592409886,0.06657645740614875,0.0481004147569434,0.0212610402960493,0.9982889409961355,Houston,4
block0_spa,0,spa,per_channel,64,16,1024,0.8157452943228548,20.414308801584692,8.463934302634943,0.08270907488568037,0.11261219141440514,0.07988104762929402,0.041181762507090505,0.994888553026341,Houston,5
block0_spe,0,spe,per_channel,16,16,256,0.9731407129560725,17.669003094296986,8.504956255908272,0.029596779765281796,0.04953520239227982,0.037100022862592064,0.015242858012607339,0.9992481420043101,Houston,5
block1_spa,1,spa,per_channel,64,16,1024,0.7721974937620352,19.62639423910478,8.37587270954955,0.10310961963533025,0.12348747591638533,0.1040474671046838,0.05206967116206316,0.9940847094227958,Houston,5
block1_spe,1,spe,per_channel,16,16,256,0.8780601596224085,16.860969909875237,8.476172993945077,0.03364065118743953,0.052730743262230914,0.03322096246094192,0.01676056664444869,0.9989865232943362,Houston,5
block2_spa,2,spa,per_channel,64,16,1024,0.7271939247944059,23.51253411672654,8.412196762143704,0.09964854008055951,0.13473866816832167,0.10514193454543669,0.05028972595448936,0.9911042857241114,Houston,5
block2_spe,2,spe,per_channel,16,16,256,0.9535698129293741,17.858820807579896,8.477541034275529,0.0329241851567319,0.047129773495319334,0.037586079341386316,0.01679272396902792,0.9986803353436596,Houston,5
block0_spa,0,spa,per_channel,64,16,1024,0.721709313559795,22.12393156228848,8.549664980173633,0.08651682580717295,0.11466661378511515,0.0835862901201843,0.04217062738991334,0.9957619716298168,Houston,6
block0_spe,0,spe,per_channel,16,16,256,0.9338975984307429,17.897054812801258,8.50328122232205,0.05387410106584862,0.07900697815201749,0.05720963748383861,0.02816417927621973,0.9977108350584445,Houston,6
block1_spa,1,spa,per_channel,64,16,1024,0.7094215570729278,22.9251338816113,8.383383368094327,0.09301292273668382,0.11776602516222741,0.09168861126322587,0.04643753420491453,0.9940372671885997,Houston,6
block1_spe,1,spe,per_channel,16,16,256,0.9748221397518428,18.331861712085516,8.508506990027628,0.04914373571345856,0.09378414087627784,0.0613339260806374,0.025360374938260637,0.9965026777719473,Houston,6
block2_spa,2,spa,per_channel,64,16,1024,0.7896914832478295,21.46879150559094,8.451145232890092,0.0786700167531706,0.09790188753658692,0.07886694452002482,0.038701507709499636,0.9949321532392342,Houston,6
block2_spe,2,spe,per_channel,16,16,256,0.917159167826772,19.16251374008242,8.541511078393059,0.044724856537294494,0.07461760549291387,0.05278927723345375,0.022714681743469956,0.9979030163374033,Houston,6
block0_spa,0,spa,per_channel,64,16,1024,0.7801720329804192,23.349696413510166,8.58409167099146,0.09561982497060066,0.1086703670692401,0.10157982160408265,0.04672089888943615,0.9932598843063524,Houston,7
block0_spe,0,spe,per_channel,16,16,256,0.9223440176829871,16.71897088694996,8.471668011735732,0.03703859540221541,0.05785427804943203,0.037198057488186366,0.01851847119457564,0.9986800663340097,Houston,7
block1_spa,1,spa,per_channel,64,16,1024,0.8173095707984677,19.97682076054246,8.453949875158905,0.0853700023748204,0.11262806997674239,0.08574108772597094,0.04298631744408421,0.9940559324973105,Houston,7
block1_spe,1,spe,per_channel,16,16,256,0.9672926401695887,17.158976179179017,8.523938426538468,0.031206270000365036,0.05681517231611185,0.04013908954378369,0.015841586566767773,0.9988407666117701,Houston,7
block2_spa,2,spa,per_channel,64,16,1024,0.7929527573018197,19.71972409720648,8.615084769515642,0.07829484812464121,0.10831775988465187,0.07195408097236758,0.03840892369483307,0.9966151084893775,Houston,7
block2_spe,2,spe,per_channel,16,16,256,0.9739628402350979,17.262985187523128,8.50313607304796,0.045809022653047426,0.07529454184677724,0.04842725341664231,0.02273881433514597,0.9979623505726399,Houston,7
block0_spa,0,spa,per_channel,64,16,1024,0.7881327475940364,19.98112683665044,8.53496748791807,0.08538237327008444,0.12288905356019339,0.07953155782233028,0.04224668298473394,0.9952997002654603,Houston,8
block0_spe,0,spe,per_channel,16,16,256,0.8454349509883298,19.06662445667692,8.496055472800819,0.08467794362777628,0.12452752437310648,0.0887795351921411,0.04143194666543635,0.9979574000196303,Houston,8
block1_spa,1,spa,per_channel,64,16,1024,0.8293646081824658,21.74396841450648,8.562827749660702,0.08737236031591555,0.10639686856360632,0.08890182061082488,0.042814204351190946,0.9946822288502717,Houston,8
block1_spe,1,spe,per_channel,16,16,256,0.8876140555452764,18.789695378125323,8.508843627240292,0.07046944040861362,0.09131720440887164,0.072306685300225,0.03495692054767852,0.9961127577236488,Houston,8
block2_spa,2,spa,per_channel,64,16,1024,0.7958303682262794,21.78094737456651,8.45452905003511,0.1139946045802422,0.13191692294204244,0.1129691442381687,0.055373402626570235,0.9899630232894588,Houston,8
block2_spe,2,spe,per_channel,16,16,256,0.9132428218515024,17.160792687634608,8.506232217360939,0.04242915927704466,0.0699575411217636,0.04417864672196553,0.021147157119005403,0.9983639627574168,Houston,8
block0_spa,0,spa,per_channel,64,16,1024,0.6151935432116005,19.604180159191184,8.666890886095437,0.09137690977113916,0.10005291964534462,0.0922298707034734,0.04453198282014895,0.9960298460525969,Houston,9
block0_spe,0,spe,per_channel,16,16,256,0.933689192421636,17.172891282015637,8.37416414407998,0.03882203140153389,0.056521382946872936,0.04451809713680143,0.01989248108429061,0.9985919822137275,Houston,9
block1_spa,1,spa,per_channel,64,16,1024,0.8196061318693663,20.467185747140153,8.290004066033172,0.09825707211061716,0.12252640519816957,0.09531382134424873,0.04918129890103617,0.9941450010392024,Houston,9
block1_spe,1,spe,per_channel,16,16,256,0.8820837928231329,19.196200923734164,8.51250393454992,0.047765590397957206,0.07794481320438605,0.05447021205956802,0.023859851340363197,0.9977023542826035,Houston,9
block2_spa,2,spa,per_channel,64,16,1024,0.7613720796064074,21.35381009740752,8.452205737297357,0.09170461407150486,0.11901298888750088,0.09387006178157543,0.0454900073504809,0.9926604300878576,Houston,9
block2_spe,2,spe,per_channel,16,16,256,0.8716877748432642,17.294384461273722,8.507841381720642,0.04044112329320314,0.06303228259491946,0.041011991330703594,0.020385468917623755,0.9984537206620625,Houston,9
